SOURCE_FIELD_NAME,FIELD_NAME
CUST_NO,PERS_ID
OBL_CODE,PERS_ID
ACCT_NBR,PERS_ID
CUST_NO,PERS_ID
CUST_TYPE,ID_SUB_CTG
CUST_NO,CUST_NO
OBL_CODE,CUST_NO
ACCT_NBR,CUST_NO
ACCT,CUST_NO
CUST_NO,CUST_NO
CIF_PK,CUST_NO
CIF_PK,CUST_NO
CIF_NAME,CUST_NM
OBL_NAME,CUST_NM
ID_NAME,CUST_NM
SHORT_NM,CUST_NM
MEM_SINCE,FST_REG_DT
DATE_OPEN,FST_REG_DT
LAST_MAINT,LST_TX_DT
LST_MAINT_DT,LST_TX_DT
VIP,CUST_GRD_CL
DCIF,GCIF_NO
DCIF,GCIF_NO
CIF,PERS_ID
CIF,PERS_ID
CIF,PERS_ID
CIF,PERS_ID
APPL_CODE,APPL_CD
APPL_CODE,APPL_CD
APPL_CODE,APPL_CD
APPL_CODE,APPL_CD
SEQ_NBR,SEQ_NO
SEQ_NBR,SEQ_NO
SEQ_NBR,SEQ_NO
 CUST_NO,PERS_ID
 CUST_NO,PERS_ID
REC_SEQ,REC_SEQ_NO
REC_SEQ,REC_SEQ_NO
APPLIC_CODE1,APPL_CD
APPLIC_CODE2,APPL_CD
APPLIC_CODE3,APPL_CD
APPLIC_CODE4,APPL_CD
APPLIC_CODE5,APPL_CD
APPL_CODE1,APPL_CD
APPL_CODE2,APPL_CD
APPL_CODE3,APPL_CD
APPL_CODE4,APPL_CD
APPL_CODE5,APPL_CD
APPL_CODE6,APPL_CD
APPL_CODE7,APPL_CD
APPL_CODE8,APPL_CD
APPL_CODE9,APPL_CD
APPL_CODE10,APPL_CD
APPL_CODE11,APPL_CD
APPLIC_TRID1,TRAILER_ID
APPLIC_TRID2,TRAILER_ID
APPLIC_TRID3,TRAILER_ID
APPLIC_TRID4,TRAILER_ID
APPLIC_TRID5,TRAILER_ID
APPLIC_SEG_ID1,TRAILER_ID
APPLIC_SEG_ID2,TRAILER_ID
APPLIC_SEG_ID3,TRAILER_ID
APPLIC_SEG_ID4,TRAILER_ID
APPLIC_SEG_ID5,TRAILER_ID
APPLIC_SEG_ID6,TRAILER_ID
APPLIC_SEG_ID7,TRAILER_ID
APPLIC_SEG_ID8,TRAILER_ID
APPLIC_SEG_ID9,TRAILER_ID
APPLIC_SEG_ID10,TRAILER_ID
APPLIC_SEG_ID11,TRAILER_ID
 CUST_NO,PERS_ID
 CUST_NO,PERS_ID
REC_SEQ,REC_SEQ_NO
REC_SEQ,REC_SEQ_NO
APPLIC_CODE1,APPL_CD
APPLIC_CODE2,APPL_CD
APPLIC_CODE3,APPL_CD
APPLIC_CODE4,APPL_CD
APPLIC_CODE5,APPL_CD
APPL_CODE1,APPL_CD
APPL_CODE2,APPL_CD
APPL_CODE3,APPL_CD
APPL_CODE4,APPL_CD
APPL_CODE5,APPL_CD
APPL_CODE6,APPL_CD
APPL_CODE7,APPL_CD
APPL_CODE8,APPL_CD
APPL_CODE9,APPL_CD
APPL_CODE10,APPL_CD
APPL_CODE11,APPL_CD
APPLIC_TRID1,TRAILER_ID
APPLIC_TRID2,TRAILER_ID
APPLIC_TRID3,TRAILER_ID
APPLIC_TRID4,TRAILER_ID
APPLIC_TRID5,TRAILER_ID
APPLIC_SEG_ID1,TRAILER_ID
APPLIC_SEG_ID2,TRAILER_ID
APPLIC_SEG_ID3,TRAILER_ID
APPLIC_SEG_ID4,TRAILER_ID
APPLIC_SEG_ID5,TRAILER_ID
APPLIC_SEG_ID6,TRAILER_ID
APPLIC_SEG_ID7,TRAILER_ID
SEQ_NBR,SEQ_NO
KEY_APPL,BK_CD
KEY_APPL,BK_CD
KEY_APPL,BK_CD
KEY_APPL,BK_CD
KEY_APPL,CURR_CD
KEY_APPL,CURR_CD
KEY_APPL,CURR_CD
KEY_APPL,CURR_CD
KEY_APPL,BR_CD
KEY_APPL,BR_CD
KEY_APPL,BR_CD
KEY_APPL,BR_CD
KEY_APPL,RC_CD
KEY_APPL,RC_CD
KEY_APPL,RC_CD
KEY_APPL,RC_CD
KEY_APPL,ACCT_NO
KEY_APPL,ACCT_NO
KEY_APPL,ACCT_NO
KEY_APPL,ACCT_NO
CIF,CIF_NO
CIF,CIF_NO
CIF,CIF_NO
CIF,CIF_NO
NAME,CIF_NM
NAME,CIF_NM
NAME,CIF_NM
NAME,CIF_NM
OFF_CODE,AO_CD
OFF_CODE,AO_CD
OFF_CODE,AO_CD
OFF_CODE,AO_CD
CUST_TYPE,CUST_TY
CUST_TYPE,CUST_TY
CUST_TYPE,CUST_TY
CUST_TYPE,CUST_TY
STATE,STATE
STATE,STATE
STATE,STATE
STATE,STATE
REL_CODE,REL_CD
REL_CODE,REL_CD
REL_CODE,REL_CD
REL_CODE,REL_CD
STATUS_CODE,CUST_ST_CD
STATUS_CODE,CUST_ST_CD
STATUS_CODE,CUST_ST_CD
STATUS_CODE,CUST_ST_CD
NPWP,INV_AO_CD
NPWP,INV_AO_CD
NPWP,INV_AO_CD
NPWP,INV_AO_CD
VIP_CODE,VIP_CL_CD
VIP_CODE,VIP_CL_CD
VIP_CODE,VIP_CL_CD
VIP_CODE,VIP_CL_CD
KEY_APPL,KEY_APPL
KEY_APPL,KEY_APPL
KEY_APPL,KEY_APPL
KEY_APPL,KEY_APPL
CUST_NO,PERS_ID
CUST_NO,PERS_ID
REC_SEQ,REC_SEQ_NO
REC_SEQ,REC_SEQ_NO
APPLIC_CODE1,APPL_CD
APPLIC_CODE2,APPL_CD
APPLIC_CODE3,APPL_CD
APPLIC_CODE4,APPL_CD
APPLIC_CODE5,APPL_CD
APPL_CODE1,APPL_CD
APPL_CODE2,APPL_CD
APPL_CODE3,APPL_CD
APPL_CODE4,APPL_CD
APPL_CODE5,APPL_CD
APPL_CODE6,APPL_CD
APPL_CODE7,APPL_CD
APPL_CODE8,APPL_CD
APPL_CODE9,APPL_CD
APPL_CODE10,APPL_CD
APPL_CODE11,APPL_CD
APPLIC_TRID1,TRAILER_ID
APPLIC_TRID2,TRAILER_ID
APPLIC_TRID3,TRAILER_ID
APPLIC_TRID4,TRAILER_ID
APPLIC_TRID5,TRAILER_ID
APPLIC_SEG_ID1,TRAILER_ID
APPLIC_SEG_ID2,TRAILER_ID
APPLIC_SEG_ID3,TRAILER_ID
APPLIC_SEG_ID4,TRAILER_ID
APPLIC_SEG_ID5,TRAILER_ID
APPLIC_SEG_ID6,TRAILER_ID
APPLIC_SEG_ID7,TRAILER_ID
APPLIC_SEG_ID8,TRAILER_ID
APPLIC_SEG_ID9,TRAILER_ID
APPLIC_SEG_ID10,TRAILER_ID
APPLIC_SEG_ID11,TRAILER_ID
CUST_NO,PERS_ID
CUST_NO,PERS_ID
REC_SEQ,REC_SEQ_NO
REC_SEQ,REC_SEQ_NO
APPLIC_CODE1,APPL_CD
APPLIC_CODE2,APPL_CD
APPLIC_CODE3,APPL_CD
APPLIC_CODE4,APPL_CD
APPLIC_CODE5,APPL_CD
APPL_CODE1,APPL_CD
APPL_CODE2,APPL_CD
APPL_CODE3,APPL_CD
APPL_CODE4,APPL_CD
APPL_CODE5,APPL_CD
APPL_CODE6,APPL_CD
APPL_CODE7,APPL_CD
APPL_CODE8,APPL_CD
APPL_CODE9,APPL_CD
APPL_CODE10,APPL_CD
APPL_CODE11,APPL_CD
APPLIC_TRID1,TRAILER_ID
APPLIC_TRID2,TRAILER_ID
APPLIC_TRID3,TRAILER_ID
APPLIC_TRID4,TRAILER_ID
APPLIC_TRID5,TRAILER_ID
APPLIC_SEG_ID1,TRAILER_ID
APPLIC_SEG_ID2,TRAILER_ID
APPLIC_SEG_ID3,TRAILER_ID
APPLIC_SEG_ID4,TRAILER_ID
APPLIC_SEG_ID5,TRAILER_ID
APPLIC_SEG_ID6,TRAILER_ID
APPLIC_SEG_ID7,TRAILER_ID
APPLIC_SEG_ID8,TRAILER_ID
APPLIC_SEG_ID9,TRAILER_ID
APPLIC_SEG_ID10,TRAILER_ID
APPLIC_SEG_ID11,TRAILER_ID
 CUST_NO,PERS_ID
 CUST_NO,PERS_ID
REC_SEQ,REC_SEQ_NO
REC_SEQ,REC_SEQ_NO
APPLIC_CODE1,APPL_CD
APPLIC_CODE2,APPL_CD
APPLIC_CODE3,APPL_CD
APPLIC_CODE4,APPL_CD
APPLIC_CODE5,APPL_CD
APPL_CODE1,APPL_CD
APPL_CODE2,APPL_CD
APPL_CODE3,APPL_CD
APPL_CODE4,APPL_CD
APPL_CODE5,APPL_CD
APPL_CODE6,APPL_CD
APPL_CODE7,APPL_CD
APPL_CODE8,APPL_CD
APPL_CODE9,APPL_CD
APPL_CODE10,APPL_CD
APPL_CODE11,APPL_CD
APPLIC_TRID1,TRAILER_ID
APPLIC_TRID2,TRAILER_ID
APPLIC_TRID3,TRAILER_ID
APPLIC_TRID4,TRAILER_ID
APPLIC_TRID5,TRAILER_ID
APPLIC_SEG_ID1,TRAILER_ID
APPLIC_SEG_ID2,TRAILER_ID
APPLIC_SEG_ID3,TRAILER_ID
APPLIC_SEG_ID4,TRAILER_ID
APPLIC_SEG_ID5,TRAILER_ID
APPLIC_SEG_ID6,TRAILER_ID
APPLIC_SEG_ID7,TRAILER_ID
APPLIC_SEG_ID8,TRAILER_ID
APPLIC_SEG_ID9,TRAILER_ID
APPLIC_SEG_ID10,TRAILER_ID
APPLIC_SEG_ID11,TRAILER_ID
STATUS,CUST_ST
SALUTATION,CUST_PRECD_NM
CIF_NAME,CUST_NM
ALT_CIF_NAME,CUST_ACR_NM
TITLE,CUST_JC_NM
USER_1,USR_CD_1
USER_2,USR_CD_2
INTRNL_CUST_NO,INTL_CIF_NO
INTRNL_KEY,INTL_KEY
INTRNL_SEQ,INTL_SEQ
CUST_TYPE,CUST_TP
MAIL_CODE,MAIL_TP
BRANCH,HANDL_BR_CD
SSN_FILLER,SSN_FIL
SSN,SSN_NO
SS_CODE,DTL_TP
SIC,SIC_CD
SIC2,SIC_CD_2
PIN,CUST_CRD_NO
DRVRS_LCNSE,DRV_NO
EDUCATION,LST_AC_BKGRD_TP
OWN_RENT,DWL_POSS_TP
SEX,CUST_SEX_TP
RACE,CUST_AUTH_TP
MARITAL,WEDING_TP
OFF_EMP_DIR,OFFICER_TP
VIP,VIP_MGMTNO
CITIZENSHIP,CUST_CITIZ
REFUSAL,INST_TP
STOCKHOLDER,STOCK_TP
CUST_ACT_TP,CUST_ATV_TP
DEPENDENTS,EMP_CNT
IAS_FLAG,IAS_TP
ACTIVITY,LST_ATV_TP
NEW,NEW_OPEN_TP
ALT_INTRNL_KEY,CHG_CUST_NM
DUNN_NO,DUNN_NO
DUNN_RATING,CUST_FI_INST_RKNG
OFFICER_1,OP_NO_1
OFFICER_2,OP_NO_2
BUS_AREA,OFF_AREA_NO
APPLIC_SEG_ID8,TRAILER_ID
APPLIC_SEG_ID9,TRAILER_ID
APPLIC_SEG_ID10,TRAILER_ID
APPLIC_SEG_ID11,TRAILER_ID
HOME_PHONE_NO,PHONE_NO
OFF_PHONE_NO,PHONE_NO
PHONE_NO,PHONE_NO
CUST_PHONE_NO,PHONE_NO
HANDL_BR_CD,REG_BR_CD
HANDL_BR_CD,REG_BR_CD
MER_BR_CD,REG_BR_CD
BR_CD,REG_BR_CD
OP_NO_1,OP_NO
OP_NO_1,OP_NO
PERS_ID,PERS_ID
PERS_ID,PERS_ID
PERS_ID,PERS_ID
PERS_ID,PERS_ID
PERS_ID,PERS_ID
ZIP_CD,ZIP_CD
ZIP_CD,ZIP_CD
ZIP_INFO,ZIP_CD
ZIP_INFO,ZIP_CD
CUST_POSTAL_CD,ZIP_CD
AR_CD,AR_CD
AR_CD,AR_CD
ARC_CD,AR_CD
ARC_CD,AR_CD
HANDL_BR_CD,REG_BR_CD
HANDL_BR_CD,REG_BR_CD
MER_BR_CD,REG_BR_CD
OP_NO_1,OP_NO
OP_NO_1,OP_NO
PERS_ID,PERS_ID
PERS_ID,PERS_ID
USR_CR_RKNG,USR_CR_RKNG
USR_CR_RKNG,USR_CR_RKNG
NEXT_CR_EVAL_DT,NEXT_CR_EVAL_DT
NEXT_CR_EVAL_DT,NEXT_CR_EVAL_DT
LST_CR_EVAL_DT,LST_CR_EVAL_DT
LST_CR_EVAL_DT,LST_CR_EVAL_DT
HANDL_BR_CD,REG_BR_CD
HANDL_BR_CD,REG_BR_CD
OP_NO_1,OP_NO
OP_NO_1,OP_NO
PERS_ID,PERS_ID
PERS_ID,PERS_ID
CUST_GRO_ACCT_AMT,CUST_GRO_ACCT_AMT
CUST_GRO_ACCT_AMT,CUST_GRO_ACCT_AMT
SCALE_UNIT_1,SCALE_UNIT_1
SCALE_UNIT_1,SCALE_UNIT_1
CUST_NET_ACCT_AMT,CUST_NET_ACCT_AMT
CUST_NET_ACCT_AMT,CUST_NET_ACCT_AMT
SCALE_UNIT_2,SCALE_UNIT_2
SCALE_UNIT_2,SCALE_UNIT_2
ENT_DT,ENT_DT
EMPLOYER_NM,EMPLOYER_NAME
CUST_NM,EMPLOYER_NAME
HANDL_BR_CD,REG_BR_CD
HANDL_BR_CD,REG_BR_CD
OP_NO_1,OP_NO
OP_NO_1,OP_NO
PERS_ID,PERS_ID
LST_AC_BKGRD_TP,EDU_CL
HANDL_BR_CD,REG_BR_CD
OP_NO_1,OP_NO
PERS_ID,PERS_ID
PERS_ID,PERS_ID
VIP_MGMTNO,VIP_MGMTNO
VIP_MGMTNO,VIP_MGMTNO
HANDL_BR_CD,REG_BR_CD
HANDL_BR_CD,REG_BR_CD
OP_NO_1,OP_NO
OP_NO_1,OP_NO
PERS_ID,PERS_ID
PERS_ID,PERS_ID
PERS_ID,PERS_ID
PERS_ID,PERS_ID
PERS_ID,PERS_ID
PERS_ID,PERS_ID
PERS_ID_CTG,PERS_ID_CTG
PERS_ID_CTG,PERS_ID_CTG
PERS_ID_CTG,PERS_ID_CTG
PERS_ID_CTG,PERS_ID_CTG
PERS_ID_CTG,PERS_ID_CTG
ID_SUB_CTG,ID_SUB_CTG
ID_SUB_CTG,ID_SUB_CTG
ID_SUB_CTG,ID_SUB_CTG
ID_SUB_CTG,ID_SUB_CTG
ID_SUB_CTG,ID_SUB_CTG
CUST_NO,CUST_NO
CUST_NO,CUST_NO
CUST_NO,CUST_NO
CUST_NO,CUST_NO
CUST_NO,CUST_NO
CIF_NO,CUST_NO
CUST_NM,CUST_NM
CUST_NM,CUST_NM
CUST_NM,CUST_NM
CUST_NM,CUST_NM
CUST_NM,CUST_NM
GCIF_CIF_NM,CUST_NM
FST_REG_DT,FST_REG_DT
FST_REG_DT,FST_REG_DT
FST_REG_DT,FST_REG_DT
FST_REG_DT,FST_REG_DT
FST_REG_DT,FST_REG_DT
REG_DT,FST_REG_DT
LST_TX_DT,LST_TX_DT
LST_TX_DT,LST_TX_DT
LST_TX_DT,LST_TX_DT
LST_TX_DT,LST_TX_DT
LST_TX_DT,LST_TX_DT
LST_MAINT_DT,LST_TX_DT
BII_CUST_YN,BII_CUST_YN
BII_CUST_YN,BII_CUST_YN
BII_CUST_YN,BII_CUST_YN
BII_CUST_YN,BII_CUST_YN
BII_CUST_YN,BII_CUST_YN
BAD_CR_CUST_YN,BAD_CR_CUST_YN
BAD_CR_CUST_YN,BAD_CR_CUST_YN
BAD_CR_CUST_YN,BAD_CR_CUST_YN
BAD_CR_CUST_YN,BAD_CR_CUST_YN
BAD_CR_CUST_YN,BAD_CR_CUST_YN
CUST_GRD_CL,CUST_GRD_CL
CUST_GRD_CL,CUST_GRD_CL
CUST_GRD_CL,CUST_GRD_CL
CUST_GRD_CL,CUST_GRD_CL
CUST_GRD_CL,CUST_GRD_CL
CUST_NO,PERS_ID
USER_NO,BNK_CD
CTL2,CURR_CD
CTL3,BR_CD
CTL4,CNTL_4
CUST_NO,CIF_NO
PERS_ID,PERS_ID          
PERS_ID,PERS_ID          
PERS_ID,PERS_ID          
PERS_ID,PERS_ID          
BNK_CD,BNK_CD           
BNK_CD,BNK_CD           
BNK_CD,BNK_CD           
CURR_CD,CURR_CD
CURR_CD,CURR_CD
CURR_CD,CURR_CD
BR_CD,BR_CD
BR_CD,BR_CD
BR_CD_1,BR_CD
BR_CD,BR_CD
CIF_NO,CIF_NO
CIF_NO,CIF_NO
CIF_NO,CIF_NO
CIF_NO,CIF_NO
CIF_NO,CIF_NO
CIF_NO,CIF_NO
CUST_ST,CUST_ST
CUST_ST,CUST_ST
MEM_ST,CUST_ST
CUST_STATUS,CUST_ST
OFF_EMP_ST,CUST_ST
CUST_NM,CUST_NM
CUST_NM,CUST_NM
SHORT_NM,CUST_NM
ABBR_NM,CUST_NM
ABBR_NM,CUST_NM
CUST_TP,CUST_TP
CUST_TP,CUST_TP
MEM_CL,CUST_TP
CUST_TP,CUST_TP
CUST_SEX_TP,CUST_SEX_TP
EU_SEX,CUST_SEX_TP
SEX_CD,CUST_SEX_TP
ACCT_HOLD_SEX_TP,CUST_SEX_TP
CUST_CREATE_DT,CUST_CREATE_DT
CREATE_DT,CUST_CREATE_DT
BRTH_DT,CUST_CREATE_DT
BIRTH_DT,CUST_CREATE_DT
ACCT_HOLD_BIRTH_DT,CUST_CREATE_DT
WEDING_TP,WEDING_TP
EU_MARITAL_ST,WEDING_TP
MARITAL_ST,WEDING_TP
HOME_AREA_NO,HOME_AREA_NO
AREA_NO,HOME_AREA_NO
HOME_PHONE_NO,HOME_PHONE_NO
HOME_PHONE_NO,HOME_PHONE_NO
CO_HOME_PHONE,HOME_PHONE_NO
HOME_PHONE_NO,HOME_PHONE_NO
HOME_PHONE_NO,HOME_PHONE_NO
HOME_PHONE_NO,HOME_PHONE_NO
OFF_AREA_NO,OFF_PHONE_AREA_NO
OFF_AREA_NO,OFF_PHONE_AREA_NO
OFF_PHONE_NO,OFF_PHONE_NO_1
OFF_PHONE_NO,OFF_PHONE_NO_1
CO_OFFICE_PHONE,OFF_PHONE_NO_1
OFF_PHONE_1,OFF_PHONE_NO_1
BZ_PHONE_NO,OFF_PHONE_NO_1
OFF_PHONE_NO,OFF_PHONE_NO_1
BUS_PHONE,OFF_PHONE_NO
BUS_EXTN,OFF_EXTED_NO
HOME_AREA,HOME_AREA_NO
HOME_PHONE,HOME_PHONE_NO
VOL_1,CUST_GRO_ACCT_AMT
SCALE_1,SCALE_UNIT_1
VOL_2,CUST_NET_ACCT_AMT
SCALE_2,SCALE_UNIT_2
RATING,USR_CR_RKNG
BUMP_CODE,CR_RKNG_ADJ_PERIOD_TP
BUMP_FCTR,CR_RKNG_APPL_PERIOD_FREQ
EMPLOYER,EMPLOYER_NM
NA6_LINE,ZIP_CD
NA1_TYPE,NM_ADDR_TP_1
NA1_SEQ,CUST_TP_SEQ1
NA1_LINE,CUST_TP_VALUE_1
NA2_TYPE,NM_ADDR_TP_2
NA2_SEQ,CUST_TP_SEQ_2
NA2_LINE,CUST_TP_VALUE_2
NA3_TYPE,NM_ADDR_TP_3
NA3_SEQ,CUST_TP_SEQ_3
NA3_LINE,CUST_TP_VALUE_3
NA4_TYPE,NM_ADDR_TP_4
NA4_SEQ,CUST_TP_SEQ_4
NA4_LINE,CUST_TP_VALUE_4
NA5_TYPE,NM_ADDR_TP_5
NA5_SEQ,CUST_TP_SEQ_5
NA5_LINE,CUST_TP_VALUE_5
NA6_TYPE,NM_ADDR_TP_6
NA6_SEQ,CUST_TP_SEQ_6
NA6_LINE,CUST_TP_VALUE_6
NA6_TYPE,CUST_CITY_CD_TP
NA6_SEQ,CUST_ADDR_TP
NA6_LINE,CUST_ADDR_VALUE
STATE,CUST_DWL_ST
PLACE,CUST_DWL_CITY_CD
TRACT,CUST_DWL_TRACK
BLOCK,CUST_TRACK_BLK
RPRTNG_FLAG,CUST_RPT_TP
COUNTRY,CUST_COUNTRY_TP
CITY,CUST_CITY_TP
COUNTY,COUNTY_CD
PEN_NO_FIX,CUST_TRAILER_CNT
PEN_CTS_FIX,PEN_CTS_FIX
USER_DATA_AREA,USR_DATA_AREA
LAST_REC,REC_REL_YN
TRLR_COUNT,TRAILER_CNT
ACCT,MER_NO
ORG,ORGAZ_NO
BRANCH,IN_ORG_ID
ID_NAME,MER_NM
ACCT,XPAY_MER_CL
ID_CITY,MER_CITY
ZIP_CODE,ZIP_INFO
ZIP_CODE,ARC_CD
ADDRESS1,ADDR_1
ADDRESS2,ADDR_2
ADDRESS3,ADDR_3
ADDRESS4,ADDR_4
ADDRESS5,ADDR_5
PHONE,PHONE_NO
ROUTE_TRANSIT,TRANSIT_ROUT
DB_ACCT_NMBR,MER_ACCT_NO
CONTACT,CNTCT_PHONE_NO
OFFICER_ID,OFFICER_NO
BRANCH,MER_BR_CD
AGENT_BANK,AFT_MGMTNO_BNK
CARD_CARD_TYPE1,MER_HAND_CARD_TP_1
CARD_CARD_TYPE2,MER_HAND_CARD_TP_2
CARD_CARD_TYPE3,MER_HAND_CARD_TP_3
CARD_CARD_TYPE4,MER_HAND_CARD_TP_4
CARD_CARD_TYPE5,MER_HAND_CARD_TP_5
CARD_CARD_TYPE6,MER_HAND_CARD_TP_6
CARD_CARD_TYPE7,MER_HAND_CARD_TP_7
CARD_CARD_TYPE8,MER_HAND_CARD_TP_8
CARD_CARD_TYPE9,MER_HAND_CARD_TP_9
CARD_CARD_TYPE10,MER_HAND_CARD_TP_10
CARD_CARD_TYPE11,MER_HAND_CARD_TP_11
CARD_CARD_TYPE12,MER_HAND_CARD_TP_12
CARD_CARD_TYPE13,MER_HAND_CARD_TP_13
CARD_CARD_TYPE14,MER_HAND_CARD_TP_14
CARD_CARD_TYPE15,MER_HAND_CARD_TP_15
UC_1,MER_USR_CD_1
UC_2,MER_USR_CD_2
UC_3,MER_USR_CD_3
DATE_OPEN,OPN_DT
LAST_MAINT,LST_MGMTNO_DT
MC_AUTH_INQUIRY_TC,MAST_APPRVL_INQUIRY_TP
STATUS_FLAG,MER_ST_TP
MERCH_TYPE,MER_TP
HOLD_STMT_FLAG,MER_NTC_DFR_ST_YN
JCB_STATE_CODE,JCB_STATE_CD
JCB_AREA_CODE,JCB_AREA_CD
VISA_CATEGORY,VISA_BZ_TP_CD
MC_CATEGORY,MC_BZ_TP_CD
PL_CATEGORY,BZ_TP_CD
JC_CATEGORY,JCB_BZ_TP_CD
NBR_POS_DEV1,CARD_RD_TP_1
NBR_POS_DEV2,CARD_RD_TP_2
NBR_POS_DEV3,CARD_RD_TP_3
NBR_IMPRINTER1,CARD_SLIP_PRT_TP_1
DTE_USER_1,USR_DT_1
DTE_USER_2,USR_DT_2
CHAIN_STORE,CHAIN_HQ_NO
CHAIN_MER_NBR,CHAIN_MER_NO
CHAIN_MER_LEVEL,CHAIN_MER_LEVEL
VISA_INTCHG_FLAG,VISA_CHG_YN
MTD_NBR_CHGBKS,MTD_NBR_CHGBKS
VISA_MAIL_PHONE_IND,MAIL_PHONE_FG
POS_MODE,POS_TERM_MODE
MC_INTCHG_FLAG,MC_CHG_YN
VISA_MEMBER_ID,VISA_MEM_ID
MC_EPSS_INTCHG_FLAG,EPSS_CHG_YN
CARD_FLOOR_LIMIT_1,CARD_MIN_LIMIT_1
CARD_FLOOR_LIMIT_2,CARD_MIN_LIMIT_2
CARD_FLOOR_LIMIT_3,CARD_MIN_LIMIT_3
CARD_FLOOR_LIMIT_4,CARD_MIN_LIMIT_4
CARD_FLOOR_LIMIT_5,CARD_MIN_LIMIT_5
CARD_FLOOR_LIMIT_15,CARD_MIN_LIMIT_15
CARD_DISC_TYPE_1,VISA_CARD_HNDL
CARD_DISC_TYPE_1,MC_CARD_HNDL
CARD_DISC_TYPE_1,JCB_CARD_HNDL_CL
CARD_DISC_TYPE_1,CARD_DC_TP_1
CARD_DISC_TYPE_2,CARD_DC_TP_2
CARD_DISC_TYPE_3,CARD_DC_TP_3
CARD_DISC_TYPE_4,CARD_DC_TP_4
CARD_DISC_TYPE_5,CARD_DC_TP_5
CARD_DISC_TYPE_15,CARD_DC_TP_15
CARD_DISC_RATE_1,CARD_DC_RT_1
CARD_DISC_RATE_2,CARD_DC_RT_2
CARD_DISC_RATE_3,CARD_DC_RT_3
CARD_DISC_RATE_4,CARD_DC_RT_4
CARD_DISC_RATE_5,CARD_DC_RT_5
CARD_DISC_RATE_15,CARD_DC_RT_15
CARD_NBR_BULLETINS_1,BULTIN_NO_1
CARD_NBR_BULLETINS_2,BULTIN_NO_2
CARD_NBR_BULLETINS_3,BULTIN_NO_3
CARD_NBR_BULLETINS_4,BULTIN_NO_4
CARD_NBR_BULLETINS_5,BULTIN_NO_5
CARD_NBR_BULLETINS_15,BULTIN_NO_15
CARD_INTCHG_FEE_1,CARD_INTCHG_FEE_1
CARD_INTCHG_FEE_2,CARD_INTCHG_FEE_2
CARD_INTCHG_FEE_3,CARD_INTCHG_FEE_3
CARD_INTCHG_FEE_4,CARD_INTCHG_FEE_4
CARD_INTCHG_FEE_5,CARD_INTCHG_FEE_5
CARD_INTCHG_FEE_15,CARD_INTCHG_FEE_15
BRANCH,MER_RQST_BR_IDCT
MMD_ED_DDA,DDA_ACCT_NO
MMD_ED_USER_NBR,USR_NO
MMD_ED_USER_FIELD,USR_FLD
REC_NBR,REC_NO            
NBR_IMPRINTER2,CARD_SLIP_PRT_TP_2
NBR_IMPRINTER3,CARD_SLIP_PRT_TP_3
ID_STATE,STATE_CD          
PROJ_AVG_TKT,PROJ_AVG_TKT      
PROJ_MTH_VOLUME,PROJ_MTHLY_VOL    
INSTL_SPL_FROM,INST_SPL_FROM     
INSTL_SPL_TO,INST_SPL_TO       
CARD_STATUS_1,CARD_ST_1         
CARD_STATUS_2,CARD_ST_2         
CARD_STATUS_5,CARD_ST_5         
INSTL_PLAN1,INST_PLAN1        
INSTL_PLAN2,INST_PLAN2        
INSTL_PLAN3,INST_PLAN3        
MERCH_MEMO,MER_MEMO
ADMIN_FEE,ADMIN_FEE
CHGBK_FEE,CHGBK_FEE
VA_ACCOUNT,VA_ACCT
VA_NAME,VA_NM
DDA_NPWP,NPWP
USER_FIELD_2,MER_FG
PERS_ID,PERS_ID          
PERS_ID,PERS_ID          
OFF_PHONE_2,OFF_PHONE_NO_2
OFF_EXTED_NO,OFF_EXTED_NO
OFF_EXTED_NO,OFF_EXTED_NO
ZIP_CD,ZIP_CD
ZIP_CD,ZIP_CD
ZIP_CD,ZIP_CD
ZIP_SAVE,ZIP_CD
ZIP_CODE,ZIP_CD
ARC_CD,ARC_CD
CUST_NO,PERS_ID
USER_NO,BNK_CD
CTL2,CURR_CD
CTL3,BR_CD
CTL4,CNTL_4
CUST_NO,CIF_NO
STATUS,CUST_ST
CIF_NAME,CUST_NM
ALT_CIF_NAME,CUST_ACR_NM
USER_1,USR_CD_1
USER_2,USR_CD_2
INTRNL_CUST_NO,INTL_CIF_NO
INTRNL_KEY,INTL_KEY
INTRNL_SEQ,INTL_SEQ
CUST_TYPE,CUST_TP
MAIL_CODE,MAIL_TP
BRANCH,HANDL_BR_CD
SSN_FILLER,SSN_FIL
SSN,SSN_NO
SS_CODE,DTL_TP
SIC,SIC_CD
SIC2,SIC_CD_2
TRACT,CUST_DWL_TRACK
BLOCK,CUST_TRACK_BLK
RPRTNG_FLAG,CUST_RPT_TP
COUNTRY,CUST_COUNTRY_TP
CITY,CUST_CITY_TP
COUNTY,COUNTY_CD
PEN_NO_FIX,CUST_TRAILER_CNT
PEN_CTS_FIX,PEN_CTS_FIX
USER_DATA_AREA,USR_DATA_AREA
LAST_REC,REC_REL_YN
TRLR_COUNT,TRAILER_CNT
OBL_CODE,PERS_ID
OBL_CODE,OBG_CD
OBL_DIVISION,OBG_DIV_CD
OBL_APPL_KEY,OBG_CUST_NO
OBL_NAME,OBG_NM
OBL_SHORT_NAME,OBG_SHORT_NM
OBL_SETUP_PLAFOND,OBG_SETUP_PLAFOND
OBL_CHILD_PLAFOND,OBG_CHILD_PLAFOND
OBL_CHILD_OUTSTANDING,OBL_CHILD_OUTSTD
OBL_CODE,PERS_ID
OBL_CODE,OBG_CD
OBL_APPL_KEY,OBG_CUST_NO
OBL_APPL_KEY,OBG_CIF_NO
OBL_NAME,OBG_NM
OBL_SHORT_NAME,OBG_SHORT_NM
OBL_SETUP_PLAFOND,OBL_SETUP_PLAFOND
OBL_CHILD_PLAFOND,OBL_CHILD_PLAFOND
OBL_CHILD_OUTSTANDING,OBL_CHILD_OUTSTD
NO_APLIKASI,APPL_NO
KODE_CABANG_APLIKASI,APPL_BR_CD
KODE_CABANG_PEMBUKUAN,BOOK_BR_CD
NAMA_DEBITUR,DEBT_NM
JENIS_KELAMIN_DEBITUR,GENDER
TANGGAL_LAHIR,BIRTH_DT
TEMPAT_LAHIR,BIRTH_PLACE              
ALAMAT_DEBITUR,ADDR
KODEPOS_DEBITUR,ZIP_CD
NO_TELP_RUMAH,HOME_PHONE
NO_HP,MOBILE_PHONE             
NO_KTP,ID_NO
PIN,CUST_CRD_NO
OWN_RENT,DWL_POSS_TP
VIP,VIP_MGMTNO
REFUSAL,INST_TP
STOCKHOLDER,STOCK_TP
CUST_ACT_TP,CUST_ATV_TP
DEPENDENTS,EMP_CNT
IAS_FLAG,IAS_TP
ACTIVITY,LST_ATV_TP
NEW,NEW_OPEN_TP
ALT_INTRNL_KEY,CHG_CUST_NM
DUNN_NO,DUNN_NO
DUNN_RATING,CUST_FI_INST_RKNG
OFFICER_1,OP_NO_1
OFFICER_2,OP_NO_2
BUS_AREA,OFF_AREA_NO
BUS_PHONE,OFF_PHONE_NO
BUS_EXTN,OFF_EXTED_NO
HOME_AREA,AREA_NO
HOME_PHONE,HOME_PHONE_NO
VOL_1,CUST_GRO_ACCT_AMT
SCALE_1,SCALE_UNIT_1
VOL_2,CUST_NET_ACCT_AMT
SCALE_2,SCALE_UNIT_2
RATING,USR_CR_RKNG
BUMP_CODE,CR_RKNG_ADJ_PERIOD_TP
BUMP_FCTR,CR_RKNG_APPL_PERIOD_FREQ
NA6_LINE,ZIP_CD
NA1_TYPE,NM_ADDR_TP_1
NA1_SEQ,CUST_TP_SEQ_1
NA1_LINE,CUST_TP_VALUE_1
NA2_TYPE,NM_ADDR_TP_2
NA2_SEQ,CUST_TP_SEQ_2
NA2_LINE,CUST_TP_VALUE_2
NA3_TYPE,NM_ADDR_TP_3
NA3_SEQ,CUST_TP_SEQ_3
NA3_LINE,CUST_TP_VALUE_3
NA4_TYPE,NM_ADDR_TP_4
NA4_SEQ,CUST_TP_SEQ_4
NA4_LINE,CUST_TP_VALUE_4
NA5_TYPE,NM_ADDR_TP_5
NA5_SEQ,CUST_TP_SEQ_5
NA5_LINE,CUST_TP_VALUE_5
NA6_TYPE,CUST_CITY_CD_TP
NA6_SEQ,CUST_ADDR_TP
NA6_LINE,CUST_ADDR_VALUE
STATE,CUST_DWL_ST
PLACE,CUST_DWL_CITY_CD
OBL_APPL_KEY,AGREE_ID
OBL_APPL_CODE,OBG_APPL_CD
OBL_APPL_KEY,OBG_BK_CD
OBL_APPL_KEY,OBG_CURR_CD
OBL_APPL_KEY,OBG_BR_CD
OBL_APPL_CODE,OBG_CIF_NO
OBL_APPL_CODE,OBG_NOTE_NO
OBL_APPL_CODE,OBG_DRAW_NO
OBL_APPL_CODE,OBG_PART_NO
OBL_NAME,OBG_ACCT_NO
CUST_NO,PERS_ID
BR_CD,BR_CD
CUST_NO,CUST_NO
PRD_CD,OP_PRD_CD
PRD_TP,PRD_TP
CURR_CD,CURR_CD
PYMT_CHAIN_CD,PYMT_CHAIN_CD
BR_CD,IN_ORGAZ_ID
ACCT_NO_LINE_TEXT,ACCT_NO_LINE_TEXT
BK_ID_CD,BK_ID_CD
SETTL_TEXT_LINE1,SETTL_TEXT_LINE1
SETTL_TEXT_LINE2,SETTL_TEXT_LINE2
SETTL_TEXT_LINE3,SETTL_TEXT_LINE3
SETTL_TEXT_LINE4,SETTL_TEXT_LINE4
CUST_NO,PERS_ID
BR_CD,BR_CD
CUST_NO,CUST_NO
PHONE_CONF_IDCT,PHONE_CONF_IDCT
NET_SETTL_IDCT,NET_SETTL_IDCT
NOV_IDCT,NOV_IDCT
CUST_PHONE_NO,CUST_PHONE_NO
CUST_FAX_NO_TEXT,CUST_FAX_NO_TEXT
LST_MAINT_DT,LST_MAINT_DT
BR_TP,BR_TP
ACCT_REL_MGMT,ACCT_REL_MGMT
DELIVY_AGIST_PAY,DELIVY_AGIST_PAY
TAX_EXMP_CD,TAX_EXMP_CD
TAX_EXMP_DT,TAX_EXMP_DT
CUST_ST,CUST_ST
CUST_ST_RSN_CD,CUST_ST_RSN_CD
CUST_ST_CHG_DT,CUST_ST_CHG_DT
TEXT1,TEXT1
TEXT2,TEXT2
DT1,DT1
DT2,DT2
AMT1,AMT1
AMT2,AMT2
REG_DT,REG_DT
TAX_ID,TAX_ID
TAX_EXMP_IDCT,TAX_EXMP_IDCT
MAN_SETTL_IDCT,MAN_SETTL_IDCT
PRIM_FID_EXMP,PRIM_FID_EXMP
CONCES_FID_TAX_EXMP,CONCES_FID_TAX_EXMP
STATE,OP_ST
CLS_MEMB_STRT_DT,CLS_MEMB_STRT_DT
FIEQ_ACCT_TP,FIEQ_ACCT_TP
NPWP_DEBITUR,NPWP_NO
TGL_EXPIRED_KTP,EXPRY_DT
NAMA_GADIS_IBU_KANDUNG        ,MOTHER_MAIDEN_NM  
PRODUCT_TYPE,PRD_TYP_DESC
FACILITY,FCLT_DESC
KATEGORI_FASILITAS,CTG_FCLT_DESC            
PROD_TYPE_001,PRD_TP_CD_001
PROD_TYPE_999,PRD_TP_CD_999
PLAFOND_AWAL,BEG_PLAFOND_BAL
PLAFOND_DISETUJUI,APPRV_PLAFOND_BAL        
PLAFOND_DICAIRKAN,BAL
BUNGA,INT_RT
PROMO_CODE,PROMO_DESC
TUJUAN_APLIKASI,PROP_APPL_DESC
TUJUAN_PEMINJAMAN,PROP_LOAN_DESC
APPROVED_BY,APRV_BY
REMARK_APPROVAL,REM_APRV
NAMA_MARKETING,MKT_NM
NPK_MARKETING,MKT_NPK 
NAMA_BISNIS_UNIT,BZ_UNIT_NM               
NAMA_ANALIS,ANAL_NM                  
NAMA_LEGAL,LGL_NM                   
NAMA_CAC_OPERATOR,OP_CAC_NM
NAMA_NOTARIS,NTRY_NM
NO_AJB,AJB_NO                   
NO_APHT,APHT_NO
NO_CN_NOTARIS_SERTIFIKAT,CERT_NTRY_CN_NO          
NO_PK,PK_NO
TGL_AKAD,CORDAGE_DT
TGL_JATUH_TEMPO_KREDIT,MAT_DT
NAMA_PERUSAHAAN_ASURANSI_JIWA,INSR_NM
BANKERS_CLAUSE_JIWA,BANKERS_CLAUSE_JIWA
JENIS_ASURANSI_JIWA,INSR_TYP
PLAN_ASURANSI_JIWA,PLAN_LF_INSR
NILAI_PERTANGGUNGAN,INSR_BAL
NO_POLIS_JIWA,POLIS_NO
TGL_JATUH_TEMPO_ASURANSI_JIWA,INSR_MAT_DT
CIF,CIF_NO
NOMOR_REKENING,ACCT_NO
LOAN_ACCOUNT_NUMBER,LN_ACCT_NO
NO_REKENING_PINJAMAN,AFFI_ACCT
TGL_CAIR,NOTED_DT
TOTAL_KEWAJIBAN_BERJALAN,EXIST_LBLT_TOT_BAL
INSTALLMENT,INST_BAL
TOTAL_PENGHASILAN_PERBULAN,TOT_MNTHLY_INC
JENIS_BUKTI_PENGHASILAN,EVDC_INC
CARA_PEMBAYARAN_GAJI,SALY_PYMT_METHOD
SKALA_PERUSAHAAN,SCLE_COMP
RATA_RATA_SALDOPENGENDAPAN,AVG_RTO_BAL
CPY_DT,CPY_DT
CPY_TM,CPY_TM 
ACCOUNTNUMBER                 ,CARD_NO
DATA_ID                       ,DATA_ID
BARCODE                       ,BAR_CD
APPLICATIONTYPE               ,APPL_TP
PROCESSTYPE                   ,PROC_TP
RECEIVEDDATE                  ,RCV_DT
APPLICANTTYPE                 ,APPLICANT_TP
NAME                          ,NM
PERSONALDATEOFBIRTH           ,DOB
PERSONALMOTHERSMAIDENNAME     ,MOTHER_MAIDEN_NM
CUSTOMERNO                    ,CIF_NO
NPKRECOMMENDERCODE            ,NPK_RECOMD_CD
NPKRECOMMENDERDESC            ,NPK_RECOMD_DESC
MEMBERSHIPID                  ,MEMB_ID
SURNAME                       ,SURNM
TITLE                         ,TITLE
SEX                           ,SEX
MARITALSTATUS                 ,MARITAL_ST
DEPENDANTS                    ,DEPEND_NO
BIRTHPLACE                    ,BIRTH_PLACE
NATIONALLITY                  ,NATLY
KIMSDATEEXP_KTP_EXP           ,ID_NO_EXPIRE_DT
NPWP                          ,NPWP_NO
HPAREACODE                    ,MOBILE_AREA_CD
HPNUMBER                      ,MOBILE_NO 
YEAROFSTAY                    ,YEAR_OF_STAY
MONTHOFSTAY                   ,MON_OF_STAY
HOMEOWNERSHIP                 ,LEN_OF_HOMEOWNER
EDUCATION                     ,EDU_ST
EMAILADDRESS                  ,EMAIL_ADDR
MARKETINGCODE                 ,MKT_CD 
PROGRAM                       ,PROG_CD
MARKETING                     ,MKT
AGENTSOURCECODE               ,AGNT_SORC_CD
AGENTDESC                     ,AGNT_DESC
KODECABANG                    ,BR_CD
CABANGDESC                    ,BR_DESC
REGIONCODE                    ,REGION_CD
REGIONNAME                    ,REGION_NM
DESCRIPTION                   ,DSCP
CPRCODE                       ,CPR_CD
SANAME                        ,SAN_NM
ADDRESS1                      ,ADDR_1 
ADDRESS2                      ,ADDR_2 
CITY                          ,CITY_NM
ZIPCODE                       ,ZIP_CD
PHONEAREACODE                 ,PHONE_AREA_CD
PHONENUMBER                   ,PHONE_NO
OCCUPATION                    ,OCCPN
JOBTITLE                      ,JOB_TITLE
OFFICEADDRESS1                ,OFF_ADDR_1
OFFICEADDRESS2                ,OFF_ADDR_2
OFFICECITY                    ,OFF_CITY  
OFFICEZIPCODE                 ,OFF_ZIP_CD
OFFICEPHONEAREACODE           ,OFF_PHONE_AREA_CD
OFFICEPHONENUMBER             ,OFF_PHONE_NO
OFFICEPHONEEXT                ,OFF_PHONE_EXT
OFFICEFAXAREACODE             ,OFF_FAX_AREA_CD
OFFICEFAXNUMBER               ,OFF_FAX_NO
LINEOFBUSINESS                ,LINE_OF_BZ
ANNUALINCOME                  ,ANNUL_INC
YEAROFWORK                    ,YR_OF_WORK
MONTHOFEMPLOYEE               ,MONTH_OF_EMP
OFFEMPLOYEE                   ,OFF_EMP
PERSONALCOMPANYNAME           ,COMP_NM
ACCOUNTNO                     ,ACCT_NO
ACCOUNTBANK                   ,ACCT_BK
VERIFICATIONDATE              ,VER_DT
HASCONTACPERSON               ,HAS_CNCT_PSON
CONTACTNAME                   ,CNCT_NM
CONTACTADDRESS1               ,CNCT_ADDR_1
CONTACTADDRESS2               ,CNCT_ADDR_2
CONTACTCITY                   ,CNCT_CITY
CONTACTZIPCODE                ,CNCT_ZIP_CD
CONTACTAREACODE               ,CNCT_AREA_PHONE
CONTACTPHONENUMBER            ,CNCT_PHONE_NO
CONTACTRELATIONSHIP           ,CNCT_REL
BILLINGADDRESS                ,BILL_ADDR
ALTERNATECUSTOMERNO           ,ALT_CUST_NO
DECISIONDATE                  ,DECISION_DT
DECISION                      ,DECISION_DESC
REJECTREASON1                 ,REJT_RSN_1
REJECTREASON2                 ,REJT_RSN_2
REJECTREASON3                 ,REJT_RSN_3
CANCELREASON1                 ,CNCL_RSN_1
CANCELREASON2                 ,CNCL_RSN_2
CANCELREASON3                 ,CNCL_RSN_3
SCORINGSUGGESTEDCREDITLINE    ,SCORING_SUGT_RULT
CREDITLINE                    ,CR_LINE
RECOMMENDATIONCREDITLINE      ,RECOMD_CR_LINE       
ANALYSTCODE                   ,ANAL_CD
NEXT_OFFICER_2                ,NEXT_OFFICER_2
CURRENTSTATE                  ,CURT_STATE
STATESTARTDATE                ,START_STDT
APPLICATIONFORMID             ,APP_FORM_ID 
CARDLEVEL_DESC                ,CARD_LEVEL_DESC
CREDITLIMITAPPROVED           ,CR_LIMIT_APPRV_BAL
MSC_CHANNEL                   ,MSC_CHAN
MSC_SOLICITATION              ,MSC_SOLICITATION
APPROVEWITHCONDITION          ,APPRV_WTH_COND
APPROVEWITHCONDITIONREASON    ,APPRV_WTH_COND_RSN
NEXT_OFFICER                  ,NEXT_OFFICER
FLAG_RECONTEST                ,FG_RECONTEST
TGL_OPEN_RECONTES             ,OPEN_DT_RECONTEST
FLAG_SURVEY                   ,SURV_FG
TGL_KIRIM_SURVEY              ,SEND_SURVEY_DT
TGL_TERIMA_SURVEY             ,RCV_SURVEY_DT
TGL_TERIMA_SID                ,RCV_SID_DT
TGL_SELESAI_SID               ,END_SID_DT
FLAG_CREDIT_SHIELD            ,FG_CR_SHIELD
NPK_PEJABAT                   ,OFF_NPK
NAMA_PEJABAT                  ,OFF_NM
KTPNO                         ,KTP_NO
OTHERIDENTITY                 ,OTHR_IDY
OTHERID                       ,OTHR_ID  
FDEDATE                       ,FDE_DT
UPLOADICRDATE                 ,UPLOAD_ICR_DT
MEMOLINE1                     ,MEMO_LINE_1 
SUSPEND_DATE                  ,SUSPEND_DT
RELEASE_SUSPEND_DATE          ,RELS_SUSPEND_DT
SUSPENDREASON                 ,SUSPEND_RSN
EXHIBITIONSITE                ,EXHIBITION_SITE 
APPROVEDMAINCARDNO            ,APPRV_MAIN_CRD_NO    
APPROVEDSUPPLEMENNCARDNO      ,APPRV_SUPP_CRD_NO 
RECONTESTREASON               ,RECONTEST_RSN 
TEMPATLAHIRSUPP1              ,BIRTH_PLACE_SUPP_1 
NAMASUPP1                     ,SUPP_NM_1
TANGGALLAHIRSUPP1             ,DOB_SUPP_1 
TEMPATLAHIRSUPP2              ,BIRTH_PLACE_SUPP_2 
NAMASUPP2                     ,SUPP_NM_2
TANGGALLAHIRSUPP2             ,DOB_SUPP_2 
TEMPATLAHIRSUPP3              ,BIRTH_PLACE_SUPP_3 
NAMASUPP3                     ,SUPP_NM_3
TANGGALLAHIRSUPP3             ,DOB_SUPP_3 
TANGGALVENDOR                 ,VENDOR_DT
NAMAVENDOR                    ,VENDOR_NM
APPCODE                       ,APPL_CD
TB1_BANK                      ,TB1_BK
TB1_CARDNO                    ,TB1_CARD_NO
TB1_CARDNAME                  ,TB1_CARD_NM
TB1_AMMOUNT                   ,TB1_AMT
TB1_TENURE                    ,TB1_TNUR
TB2_BANK                      ,TB2_BK
TB2_CARDNO                    ,TB2_CARD_NO
TB2_CARDNAME                  ,TB2_CARD_NM
TB2_AMMOUNT                   ,TB2_AMT
TB2_TENURE                    ,TB2_TNUR
LASTUSER                      ,LST_USR
LIMITREQUEST                  ,LMT_RQST
LIMITAPPROVED                 ,LMT_APPRV
TENORREQUEST                  ,TNUR_RQST
TENORAPPROVED                 ,TNUR_APPRV
TGLSTATUS                     ,ST_DT
TGLAPPROVED                   ,APPRV_DT
TGLDISBURSED                  ,DBRS_DT
SMCODE                        ,SM_CD
SCORINGRESULT                 ,SCORING_RULT
CARDTYPE                 ,CRD_TP
OBL_CODE,PERS_ID
BANK_NO,BNK_CD
CONTROL2,CURR_CD
CONTROL3,BR_CD_1
CUST_NO,CIF_NO
ALT_NBR,ALT_NO
TRAN_CODE,TX_CD
PERS_COMM,ACCT_TP
CUST_TYPE,CUST_TP
CUST_STATUS,CUST_STATUS
DIR_LIAB_STATUS,DIR_LIAB_STATUS
IND_LIAB_STATUS,IND_LIAB_STATUS
ACTIVITY_FLAG,ATV_TP
ACCUM_TRIAL,WHETHE_TRIAL
SHORT_NAME,SHORT_NM
TIN_VALID,TIN_VALID
SS_TID,SS_TID
TIN_NAME_CTL,TIN_NM_CTL
OFF_PHONE_1,OFF_PHONE_1
OFF_PHONE_2,OFF_PHONE_2
HOME_PHONE,HOME_PHONE_NO
AFFL_ENTITY,AFFI_ENTITY_YN
SIC_CODE,SIC_CD
REGION,REGION_CD
BRANCH,BR_CD_2
CIF_BRANCH,CIF_BR_CD
USER_1,USR_CD_1
USER_2,USR_CD_2
USER_3,USR_CD_3
DATE_ESTABLISHED,DT_ESTB
DATE_LAST_MAINT,DT_LST_MAINT
DATE_INACTIVE,DT_INACTIVE
OFF_USE,OFF_USE
PRIM_OFFICER,PRIM_OFFICER_NO
ALT_OFFICER,ALT_OFFICER_NO
DATE_LAST_CUST_REVIEW,DT_LST_CUST_REVW
DATE_NEXT_CUST_REVIEW,DT_NEXT_CUST_REVW
CUST_REVIEW_FREQ,CUST_REVW_FREQ
CUST_REVIEW_INCR,CUST_REVW_INCR
CUST_REVIEW_DAY,CUST_REVW_DAY
NO_LOANS,LN_NO
CL_CUST_STMT,CUST_LN_STMT
CL_CHG_METHOD,CUST_LN_CHG_MTHD
CL_TRAN_DETAIL,CUST_LN_TRAN_DTL
INS_EXPIRATION_DATE,INSR_EXP_DT
CREDIT_ANALYST,CR_ANAL
CREDIT_RATING,CR_RTNG
CREDIT_RATING,LN_RTIN
DATE_LAST_CREDIT_RATING,DT_LST_CR_RTNG
DATE_LAST_INT_STMT,DT_LST_INT_STMT
DATE_NEXT_INT_STMT,DT_NEXT_INT_STMT
INT_STMT_FREQ,INT_STMT_FREQ
INT_STMT_INCR,INT_STMT_INCR
INT_STMT_DAY,INT_STMT_DAY
BR_ACCT_TP,BR_ACCT_TP
FI_CNTR,FI_CNTR
STAMP_DUTY_IDCT,STAMP_DUTY_IDCT
CHARGE_SETTL_IDCT,CHARGE_SETTL_IDCT
TAX_STMT_FREQ,TAX_STMT_FREQ
CUT_OFF_DAYS_FRWD,CUT_OFF_DAYS_FRWD
INC_CUST_TRADE_CUT_OFF_TM,INC_CUST_TRADE_CUT_OFF_TM
FRWD_CLS_CONF,FRWD_CLS_CONF
CUST_NO,PERS_ID
CUST_NO,CUST_NO
CUST_MNENIC,CUST_MNENIC
BK_ID_CD,BK_ID_CD
COUNTRY_CD,COUNTRY_ABBR
STD_INDS_CD_ID,STD_INDS_CD_ID
SHORT_NM,SHORT_NM
CUST_FULL_NM1,CUST_FULL_NM1
CUST_FULL_NM2,CUST_FULL_NM2
CUST_ADDR1,CUST_ADDR1
CUST_ADDR2,CUST_ADDR2
CUST_ADDR3,CUST_ADDR3
CUST_ADDR4,CUST_ADDR4
CUST_ADDR5,CUST_ADDR5
CUST_TP,CUST_TP_CD
CUST_POSTAL_CD,CUST_POSTAL_CD
LST_MAINT_DT,LST_MAINT_DT
ULTMA_RISK_COUNTRY_CD,ULTMA_RISK_COUNTRY_CD
BIRTH_DT,BIRTH_DT
TAX_PAY_ID,TAX_PAY_ID
ACCTN_TP,ACCTN_TP
CUST_NO,PERS_ID
BR_CD,BR_CD
NSTR_ACCT,NSTR_ACCT
BR_CD,IN_ORGAZ_ID
CURR_CD,CURR_CD
COST_CNTR,COST_CNTR
GL_NO,GL_NO
CUST_NO,CUST_NO
ACCT_BAL_AMT,ACCT_BAL_AMT
PREV_BAL_AMT,PREV_BAL_AMT
LST_MAINT_DT,LST_MAINT_DT
CUST_NO,PERS_ID
BR_CD,BR_CD
CUST_NO,CUST_NO
DELIVY_RCV_IDCT,DELIVY_RCV_IDCT
PRD_CD,OP_PRD_CD
PRD_TP_CD,PRD_TP_CD
CURR_CD,CURR_CD
SAFE_KEEP_ACCT,SAFE_KEEP_ACCT
DELIVY_CHAIN_CD,DELIVY_CHAIN_CD
SAFE_KEEP_ACCT_NO,SAFE_KEEP_ACCT_NO
BK_ID_CD,BK_ID_CD
SETTL_TEXT_LINE1,SETTL_TEXT_LINE1
SETTL_TEXT_LINE2,SETTL_TEXT_LINE2
SETTL_TEXT_LINE3,SETTL_TEXT_LINE3
SETTL_TEXT_LINE4,SETTL_TEXT_LINE4
LST_MAINT_DT,LST_MAINT_DT
CNO,CUST_NO
TERM,TERM
CCYDEBT,CURR_DEBT_ID
CCY,CURR_CD
EFFDATE,EFFCT_DT
RATEAGNCY,RTNG_AGNCY
CUSTTYPE,CUST_TP
CREDRATE,CR_RATE
SORTSEQ,SORT_SEQ
OUTLOOK,OUTLOOK
TEXT,TEXT
LSTMNTDATE,LST_MAINT_DT
DEFAULTFLAG,DFLT_FG
CNO,CUST_NO
CUSTIDTYPE,CUST_ID_TP
CUSTALTID,CUST_ID_ALT
GRPID,GRP_ID
GRPTYPE,GRP_TP
GRPMEMBER,GRP_MEM
PRODUCT,PRD
PRODTYPE,PRD_TP
ACCT_NBR,CIF_NO
STATUS,MEM_ST
ACCT_NBR,MEM_CL
ZIP_CODE,ZIP_INFO
ZIP_CODE,ARC_CD
CRLIMIT,CR_LIMIT_AMT
DTE_BIRTH,BRTH_DT
HOME_PHONE,HOME_PHONE_NO
OFFICE_PHONE,OFF_PHONE_NO
EMPLOYER,EMP_COM_NM
CASH_LINE,CASH_LINE
AVAIL_CASH,AVAIL_CASH
FOREIGN_COUNTRY_IND,FOR_IDCT
BILLING_CYCLE,BILL_CYCLE
AVAIL_CREDIT,AVAIL_CR
EU_INITS,EU_INIT
EU_TITLE,EU_TITLE
EU_SEX,EU_SEX
EU_BEHAV_SCORE,EU_USR_BEHAV_SCORE
EU_BANK_ACCT_IND,EU_BNK_ACCT_IDCT
EU_MARITAL_STATUS,EU_MARITAL_ST
EU_EMPLOYER_CODE,EU_EMP_CD
CRLIMIT_PERM,PERM_CR_LIMIT
CRLIMIT_TEMP,TEMP_CR_LIMIT
CRLIMIT_TEMP_EFF_DTE,TMP_CR_LIMIT_EFF_SDT
CRLIMIT_TEMP_EXP_DTE,TMP_CR_LIMIT_EFF_EDT
NAME1,NM_1
NAME2,NM_2
NAME_3,NM_3
ADDR1,ADDR_1
ADDR2,ADDR_2
CITY_ST,CITY_ST
MEMO1,MEMO_1
MEMO2,MEMO_2
CO_OWNER,AD_CNTCT_INFO
EU_HOME_OWNER,EU_HOME_OWN_FG
EU_TYPE_OF_RES,EU_RSD_TP
EU_PER_OF_RES,EU_RSD_PERIOD
EU_OCCPN_CODE,EU_OCCPN_CD
EU_PER_OCCPN,EU_OCCPN_PERIOD
SHORT_NAME,SHORT_NM
SMSA,SMSA
CENSUS_TRACT,CENSUS_TRACT
TAX_ID_TYPE,TAX_ID_TP
TAX_ID_NMBR,TAX_ID_NO
CO_TAX_ID_TYPE,CO_TAX_ID_TP
CO_TAX_ID_NMBR,CO_TAX_ID_NO
CO_DTE_BIRTH,CO_BIRTH_DT
DTE_LST_MAINT,LST_MAINT_DT
CO_HOME_PHONE,CO_HOME_PHONE
CO_OFFICE_PHONE,CO_OFFICE_PHONE
OFF_PHONE_FLAG,OFF_PHONE_YN
CO_OFF_PHONE_FLAG,CO_OFF_PHONE_FG
CO_EMPLOYER,CO_EMP
CRT_LIABLE_FLAG,TAX_OBJ_YN
ADDL_USAGE_1,ADDL_USAG_1
ADDL_USAGE_2,ADDL_USAG_2
ADDL_USAGE_3,ADDL_USAG_3
ADDL_USAGE_4,ADDL_USAG_4
ADDL_USAGE_5,ADDL_USAG_5
ADDL_USAGE_6,ADDL_USAG_6
ADDL_USAGE_7,ADDL_USAG_7
ADDL_USAGE_8,ADDL_USAG_8
ADDL_USAGE_9,ADDL_USAG_9
ADDL_USAGE_10,ADDL_USAG_10
ADDL_USAGE_11,ADDL_USAG_11
ADDL_USAGE_12,ADDL_USAG_12
ADDL_INFO_TAG,ADDL_INFO_TAG
EU_SURN,EU_SUR_NM
EU_ACORN_CODE,EU_ACORN_CD
EU_LEZ_CODE,EU_LEZ_CD
EU_NBR_OF_DEPS,EU_NO_OF_DEPS
EU_CUSTOMER_CLASS,EU_CUST_CL
EU_DIRECT_MAIL,EU_DIRCT_MAIL
EU_JNT_OWNERSHIP,EU_JNT_OWNER
EU_GUARANTOR,EU_GRNT
ADDL_ADDR_1,AD_ADDR_1
ADDL_ADDR_2,AD_ADDR_2
ADDL_ADDR_3,AD_ADDR_3
ADDL_CITY,AD_CITY
ADDL_EXP_DTE,ADDL_EXP_DT
ADDL_ZIP,AD_MAIL_ADDR
OVER_LIMT,OVER_LIMT
HP_NBR,HP_NO
KTP,KTP
EMAIL,EMAIL
ORG_NBR,ORG_NO
CUST_NO,PERS_ID
MCA_OTH1_LIAB,OTHR_LIAB_1
MCA_OTH2_LIAB,OTHR_LIAB_2
MCA_OTH3_LIAB,OTHR_LIAB_3
MCA_OTH4_LIAB,OTHR_LIAB_4
MCA_OTH5_LIAB,OTHR_LIAB_5
MCA_OTH6_LIAB,OTHR_LIAB_6
MCA_OTH7_LIAB,OTHR_LIAB_7
MCA_OTH8_LIAB,OTHR_LIAB_8
MCA_YTD_PRIN_COLL,YTD_PRIN_COLL
MCA_YTD_INT_COLL,YTD_INT_COLL
MCA_CUR_SEC_BAL,CURR_SEC_BAL
MCA_CUR_UNSEC_BAL,CURR_UNSEC_BAL
MCA_GUIDANCE_LINE_AMT,GUIDANCE_LINE_AMT
MCA_TOT_DIRECT_LIAB,TOT_DIRECT_LIAB
MCA_TOT_INDIRECT_LIAB,TOT_INDIRECT_LIAB
MCA_TOT_CONTG_D_LIAB,TOT_CONTG_D_LIAB
MCA_TOT_CONTG_IND_LIAB,TOT_CONTG_IND_LIAB
MCA_DIR_CONTG_LIAB,DIR_CONTG_LIAB
MCA_OTH1_CONTG_LIAB,OTHR_CONTG_LIAB_1
MCA_OTH2_CONTG_LIAB,OTHR_CONTG_LIAB_2
MCA_OTH3_CONTG_LIAB,OTHR_CONTG_LIAB_3
MCA_OTH4_CONTG_LIAB,OTHR_CONTG_LIAB_4
MCA_OTH5_CONTG_LIAB,OTHR_CONTG_LIAB_5
MCA_OTH6_CONTG_LIAB,OTHR_CONTG_LIAB_6
MCA_OTH7_CONTG_LIAB,OTHR_CONTG_LIAB_7
MCA_OTH8_CONTG_LIAB,OTHR_CONTG_LIAB_8
CUST_NO,PERS_ID
ALT_NBR,ALT_NO
BANK_NO,BNK_CD
CONTROL2,CURR_CD
CONTROL3,BR_CD_1
CUST_NO,CIF_NO
TRAN_CODE,TX_CD
PERS_COMM,ACCT_TP
CUST_TYPE,CUST_TP
CUST_STATUS,CUST_STATUS
DIR_LIAB_STATUS,DIR_LIAB_STATUS
IND_LIAB_STATUS,IND_LIAB_STATUS
ACTIVITY_FLAG,ATV_TP
ACCUM_TRIAL,WHETHE_TRIAL
SHORT_NAME,SHORT_NM
TIN_VALID,TIN_VALID
SS_TID,SS_TID
TIN_NAME_CTL,TIN_NM_CTL
OFF_PHONE_1,OFF_PHONE_1
OFF_PHONE_2,OFF_PHONE_2
INT_STMT_DAYS_ALLOW,INT_STMT_DAYS_ALLOW
INT_STMT_NOT_REQ,INT_STMT_NOT_REQ
DATE_LAST_ANN_STMT,DT_LST_ANNL_STMT
DATE_NEXT_ANN_STMT,DT_NEXT_ANNL_STMT
ANN_STMT_FREQ,ANNL_STMT_FREQ
ANN_STMT_INCR,ANNL_STMT_INCR
ANN_STMT_DAY,ANNL_STMT_DAY
ANN_STMT_DAYS_ALLOW,ANNL_STMT_DAY_ALLOW
ANN_STMT_NOT_REQ,ANN_STMT_NOT_REQ
DATE_LAST_CR_REVIEW,DT_LST_CR_REVW
DATE_NEXT_CR_REVIEW,DT_NEXT_CR_REVW
CR_REVIEW_FREQ,CR_REVW_FREQ
CR_REVIEW_INCR,CR_REVW_INCR
CR_REVIEW_DAY,CR_REVW_DAY
GUIDANCE_LINE_AMT,GUIDANCE_LINE_AMT
APPROVED_CR_AMT,APPRV_CR_AMT
APPROVED_CR_DATE,APPRV_CR_DT
OUT_OF_DEBT_DATE,OUT_OF_DB_DT
STATE,ST
COUNTY,USER_COUNTRY_CD_3
CITY,CITY_CD
EXCEPT_CODE9,ECPT_CD
SUB_EXCEPT_CODE,SUB_ECPT_CD
DATE_PAST_INT_STMT,DT_PAST_INT_STMT
DATE_PAST_ANN_STMT,DT_PAST_ANNL_STMT
FIN_STMT_REQUIRED,FIN_STMT_REQR
WAIVE_FIN_STMT,WAIVE_FIN_STMT
BIRTH_DATE,BIRTH_DT
RACE_CODE,RACE_CD
MARITAL_STATUS,MARITAL_ST
SEX_CODE,SEX_CD
SPOUSE_NAME,SPOUSE_NM
SPOUSE_TIN_VALID,SPOUSE_TIN_VALID
SPOUSE_SSN,SPOUSE_SSN
BAL_LAST_LDG_RECALC,LST_LDG_RECALC_BAL
LIEN_FILING_DATE,LIEN_FILL_DT
AUTO_CREDIT_CD,AUTO_CR_CD
AUTO_CREDIT_SYS,AUTO_CR_SYS
AUTO_CREDIT_ACCOUNT,AUTO_CR_ACCT
NMADR1_TYPE,NMADR1_TP
NMADR1,NMADR_1
NMADR2_TYPE,NMADR2_TP
NMADR2,NMADR_2
NMADR3_TYPE,NMADR3_TP
NMADR3,NMADR_3
NMADR4_TYPE,NMADR4_TP
NMADR4,NMADR_4
NMADR5_TYPE,NMADR5_TP
NMADR5,NMADR_5
NMADR6_TYPE,NMADR6_TP
NMADR6,NMADR_6
ZIP_CODE,ZIP_CD
COUNTRY,USER_COUNTRY_CD_5
MAIL_LIST,MAIL_LIST_TP
CL_HOLD_INST,CUST_LN_HOLD_INST
OFF_EMP_DIR_CD,OFF_EMP_DIR_CD
INST_OF_OFF_EMP_DIR,INST_OF_OFFICER_EMP_DIR
REL_TO_INSIDER_CD,REL_TO_INSIDER_CD
INSIDER_CD,INSIDER_CD
MCA_BASE_CURRENCY,MCA_CURR_CD
MCA_XRT_QUAL1,MCA_EXRT_QUALIF_1
MCA_XRT_QUAL2,MCA_EXRT_QUALIF_2
MCA_TRAILER,MCA_TRAILER
TRXREF_CTL2,TXFER_CURR_CD
TRXREF_CTL3,TXFER_BR_CD
TRXREF_CUST,TXFER_CUST_NO
GOLDEB,DEBT_CTG
NAMA_IBU_KANDUNG,MOTHER_MAIDEN_NM
STATUS_PEKERJAAN,JOB_ST
TEMPAT_LAHIR,BIRTH_PLACE
REQUESTOR_DIN,DIN_NO
KDA_TLP_RMH,HOME_PHONE_AREA_2
NOM_TLP_RMH,HOME_PHONE_NO_2
KDA_TLP_KANTOR,OFF_PHONE_AREA
NOM_TLP_KANTOR,OFF_PHONE_NO
KDA_TLP_FAX,FAX_AREA
NOM_TLP_FAX,FAX_NO
NO_HP,HP_NO
NPWP,NPWP
NO_KTP,KTP_NO
TEMPAT_KERJA,WORK_PLACE
SCORE_CARD,SCORE_CARD
BRR,BRR
CRR,CRR
PREV_BRR,PREV_BRR
PREV_CRR,PREV_CRR
CRR_ORI,ORG_CRR
PREV_CRR_ORI,ORG_PREV_CRR
ADD_DATE,ADD_DT
ADD_TIME,ADD_TM
ADD_TERM_ID,ADD_TERM_ID
ADD_USER_ID,ADD_USR_ID
DATE_LAST_UPD,LST_UPDT
TIME_LAST_UPD,LST_UPDT_TM
TERM_ID,TERM_ID
USER_ID,USR_ID
CUST_NO,PERS_ID
BANK_NO,BNK_CD
CONTROL2,CURR_CD
CONTROL3,BR_CD_1
CUST_NO,CIF_NO
ALT_NBR,ALT_NO
FS_ASSETS,TOT_CUST_ASSETS
FS_LIABILITY,TOT_CUST_LBLT
FS_NET_WORTH,TOT_CUST_WORTH
FS_INCOME,TOT_CUST_INC
TOT_DIRECT_LIAB,TOT_DIRECT_LIAB_AMT
TOT_INDIRECT_LIAB,TOT_INDIRECT_LIAB_AMT
TOT_CONTG_DIRECT_LIAB,TOT_CONTG_DIRECT_LIAB_AMT
TOT_CONTG_INDIRECT_LIAB,TOT_CONTG_INDIRECT_LIAB_AMT
MAX_IND_LIAB,MAX_IND_LIAB_AMT
TOT_COMMIT_AMT,TOT_CMMT_AMT
DIR_LIAB,DIR_LIAB_AMT
OTH1_LIAB,OTHR_LIAB_AMT_1
OTH2_LIAB,OTHR_LIAB_AMT_2
OTH3_LIAB,OTHR_LIAB_AMT_3
OTH4_LIAB,OTHR_LIAB_AMT_4
OTH5_LIAB,OTHR_LIAB_AMT_5
OTH6_LIAB,OTHR_LIAB_AMT_6
OTH7_LIAB,OTHR_LIAB_AMT_7
OTH8_LIAB,OTHR_LIAB_AMT_8
DIR_CONTG_LIAB,DIR_CONTG_LIAB_AMT
OTH1_CONTG_LIAB,OTHR_CONTG_LIAB_AMT_1
OTH2_CONTG_LIAB,OTHR_CONTG_LIAB_AMT_2
OTH3_CONTG_LIAB,OTHR_CONTG_LIAB_AMT_3
OTH4_CONTG_LIAB,OTHR_CONTG_LIAB_AMT_4
OTH5_CONTG_LIAB,OTHR_CONTG_LIAB_AMT_5
OTH6_CONTG_LIAB,OTHR_CONTG_LIAB_AMT_6
OTH7_CONTG_LIAB,OTHR_CONTG_LIAB_AMT_7
OTH8_CONTG_LIAB,OTHR_CONTG_LIAB_AMT_8
OUT_OF_DEBT_DATE,OUT_OF_DB_DT
OUT_DEBT_DAYS_DES,OUT_DB_DAYS_DES
OUT_DEBT_DAYS_YTD,OUT_DB_DAYS_YTD
OUT_DEBT_DAYS_LAST,OUT_DB_DAYS_LST
OUT_DEBT_DAYS_CUR,OUT_DB_DAYS_CURR
YTD_PRIN_COLL,YTD_PRIN_COLL_BAL
YTD_INT_COLL,YTD_INT_COLL_BAL
YTD_LOW_BAL,YTD_LOW_BAL
YTD_HIGH_BAL,YTD_HIGH_BAL
MTD_LOW_BAL,MTD_LOW_BAL
MTD_HIGH_BAL,MTD_HIGH_BAL
YTD_HIGH_SEC_BAL,YTD_HIGH_SEC_BAL
YTD_HIGH_UNSEC_BAL,YTD_HIGH_UNSEC_BAL
CUR_SEC_BAL,CURR_SEC_BAL
CUR_UNSEC_BAL,CURR_UNSEC_BAL
CUST_NO,PERS_ID
MCA_NBR_CURR,NBR_CURR
MCA_CURRENCY,CURR_CD
MCA_NO_LOANS,NO_LN
MCA_APPROVED_CR_AMT,APPRV_CR_AMT
MCA_APPROVED_CR_DATE,APPRV_CR_DT
MCA_MAX_IND_LIAB,MAX_IND_LIAB
MCA_TOT_COMMIT_AMT,TOT_CMMT_AMT
MCA_DIR_LIAB,DIR_LIAB
HOME_PHONE,HOME_PHONE_NO
AFFL_ENTITY,AFFI_ENTITY_YN
SIC_CODE,SIC_CD
REGION,REGION_CD
BRANCH,BR_CD_2
CIF_BRANCH,CIF_BR_CD
USER_1,USR_CD_1
USER_2,USR_CD_2
USER_3,USR_CD_3
DATE_ESTABLISHED,DT_ESTB
DATE_LAST_MAINT,DT_LST_MAINT
DATE_INACTIVE,DT_INACTIVE
OFF_USE,OFF_USE
PRIM_OFFICER,PRIM_OFFICER_NO
ALT_OFFICER,ALT_OFFICER_NO
DATE_LAST_CUST_REVIEW,DT_LST_CUST_REVW
DATE_NEXT_CUST_REVIEW,DT_NEXT_CUST_REVW
CUST_REVIEW_FREQ,CUST_REVW_FREQ
CUST_REVIEW_INCR,CUST_REVW_INCR
CUST_REVIEW_DAY,CUST_REVW_DAY
NO_LOANS,LN_NO
CL_CUST_STMT,CUST_LN_STMT
CL_CHG_METHOD,CUST_LN_CHG_MTHD
CL_TRAN_DETAIL,CUST_LN_TRAN_DTL
INS_EXPIRATION_DATE,INSR_EXP_DT
CREDIT_ANALYST,CR_ANAL
CREDIT_RATING,CR_RTNG
CREDIT_RATING,LN_RTIN
DATE_LAST_CREDIT_RATING,DT_LST_CR_RTNG
DATE_LAST_INT_STMT,DT_LST_INT_STMT
DATE_NEXT_INT_STMT,DT_NEXT_INT_STMT
INT_STMT_FREQ,INT_STMT_FREQ
INT_STMT_INCR,INT_STMT_INCR
INT_STMT_DAY,INT_STMT_DAY
INT_STMT_DAYS_ALLOW,INT_STMT_DAYS_ALLOW
INT_STMT_NOT_REQ,INT_STMT_NOT_REQ
DATE_LAST_ANN_STMT,DT_LST_ANNL_STMT
DATE_NEXT_ANN_STMT,DT_NEXT_ANNL_STMT
ANN_STMT_FREQ,ANNL_STMT_FREQ
ANN_STMT_INCR,ANNL_STMT_INCR
ANN_STMT_DAY,ANNL_STMT_DAY
ANN_STMT_DAYS_ALLOW,ANNL_STMT_DAY_ALLOW
ANN_STMT_NOT_REQ,ANN_STMT_NOT_REQ
DATE_LAST_CR_REVIEW,DT_LST_CR_REVW
DATE_NEXT_CR_REVIEW,DT_NEXT_CR_REVW
CR_REVIEW_FREQ,CR_REVW_FREQ
CR_REVIEW_INCR,CR_REVW_INCR
CR_REVIEW_DAY,CR_REVW_DAY
GUIDANCE_LINE_AMT,GUIDANCE_LINE_AMT
APPROVED_CR_AMT,APPRV_CR_AMT
APPROVED_CR_DATE,APPRV_CR_DT
OUT_OF_DEBT_DATE,OUT_OF_DB_DT
STATE,ST
LIAB_CODE,LBLT_CD
ALT_NBR,ALT_NM_ADDR_NO
CTL1,BNK_CD
CTL2,CURR_CD
CTL3,BR_CD
CUSTOMER,CIF_NO
NOTE_CTL1,NOTE_BNK_CD
NOTE_CTL2,NOTE_CURR_CD
NOTE_CTL3,NOTE_BR_CD
NOTE_CUST,NOTE_CIF_NO
NOTE_NOTE,NOTE_NO
NOTE_DRAW,NOTE_DRAW_SEQ
NOTE_PART,NOTE_PARTIC_SEQ
STATUS,CURT_NOTE_ST
PRIN_BAL,NOTE_PARIC_BAL
GUAR_LIAB_PCT,GRNTR_LBLT_PERT
GUAR_LIMIT,GRNTR_LIMIT
GUAR_LIAB_CALC,GRNTR_LBLT_CALC
AVAILABLE,CMMT_AVAIL_AMT
CUST_GUAR_EXCL_IND,CUST_GRNTR_XCLD_INCL_FG
GUAR_LVL,GRNTR_LVL
CURRENCY,ACCT_CURR
GUAR_CURRENCY,GRNTR_CURR
BK_NO,BNK_CD
CTL2,CURR_CD
CTL3,BR_CD
BK_HEADING,BK_HEADING
BK_NAME,BK_NM
BK_ADDRESS,BK_ADDR
BK_CITYST,BK_CITYST
BK_ZIP,BK_ZIP
BR_HEADING,BR_HEADING
IRS_ID,IRS_ID
ABA_NO,ABA_NO
BK_STATE,BK_STATE
HOLDING_CO_NO,HOLDING_CO_NO
CTL1_NAME,CTL1_NM
CTL2_NAME,CTL2_NM
CTL3_NAME,CTL3_NM
SI_CUST_NO,SI_CUST_NO
EDIT_SPOOLER,EDIT_SPOOLER
EDIT_OVERRIDE,EDIT_OVERRIDE
CS14_SPOOLER,CS14_SPOOLER
POST_FREQ,POST_FREQ
CIF_FLAG,CIF_FLAG
NEXT_CENT_YR,NEXT_CENT_YR
CS05_SPOOL_CODE,CS05_SPOOL_CD
CS05_FORM_CODE,CS05_FORM_CD
CS12_SPOOL_CODE,CS12_SPOOL_CD
CS12_FORM_CODE,CS12_FORM_CD
CS13_SPOOL_CODE,CS13_SPOOL_CD
CS13_FORM_CODE,CS13_FORM_CD
CS14_FORM_CODE,CS14_FORM_CD
COUNTY,USER_COUNTRY_CD_3
CITY,CITY_CD
EXCEPT_CODE9,ECPT_CD
SUB_EXCEPT_CODE,SUB_ECPT_CD
DATE_PAST_INT_STMT,DT_PAST_INT_STMT
DATE_PAST_ANN_STMT,DT_PAST_ANNL_STMT
FIN_STMT_REQUIRED,FIN_STMT_REQR
WAIVE_FIN_STMT,WAIVE_FIN_STMT
BIRTH_DATE,BIRTH_DT
RACE_CODE,RACE_CD
MARITAL_STATUS,MARITAL_ST
SEX_CODE,SEX_CD
SPOUSE_NAME,SPOUSE_NM
SPOUSE_TIN_VALID,SPOUSE_TIN_VALID
SPOUSE_SSN,SPOUSE_SSN
BAL_LAST_LDG_RECALC,LST_LDG_RECALC_BAL
LIEN_FILING_DATE,LIEN_FILL_DT
AUTO_CREDIT_CD,AUTO_CR_CD
AUTO_CREDIT_SYS,AUTO_CR_SYS
AUTO_CREDIT_ACCOUNT,AUTO_CR_ACCT
NMADR1_TYPE,NMADR1_TP
NMADR1,NMADR_1
NMADR2_TYPE,NMADR2_TP
NMADR2,NMADR_2
NMADR3_TYPE,NMADR3_TP
NMADR3,NMADR_3
NMADR4_TYPE,NMADR4_TP
NMADR4,NMADR_4
NMADR5_TYPE,NMADR5_TP
NMADR5,NMADR_5
NMADR6_TYPE,NMADR6_TP
NMADR6,NMADR_6
ZIP_CODE,ZIP_CD
COUNTRY,USER_COUNTRY_CD_5
MAIL_LIST,MAIL_LIST_TP
CL_HOLD_INST,CUST_LN_HOLD_INST
OFF_EMP_DIR_CD,OFF_EMP_DIR_CD
INST_OF_OFF_EMP_DIR,INST_OF_OFFICER_EMP_DIR
REL_TO_INSIDER_CD,REL_TO_INSIDER_CD
INSIDER_CD,INSIDER_CD
MCA_BASE_CURRENCY,MCA_CURR_CD
MCA_XRT_QUAL1,MCA_EXRT_QUALIF_1
MCA_XRT_QUAL2,MCA_EXRT_QUALIF_2
MCA_TRAILER,MCA_TRAILER
TRXREF_CTL2,TXFER_CURR_CD
TRXREF_CTL3,TXFER_BR_CD
TRXREF_CUST,TXFER_CUST_NO
CUSTOMER,PERS_ID
STD_CODE_07,STD_CD_07
STD_CODE_08,STD_CD_08
STD_CODE_09,STD_CD_09
STD_CODE_10,STD_CD_10
STD_CODE_11,STD_CD_11
STD_CODE_12,STD_CD_12
OPT_CODE_01,OPT_CD_01
OPT_CODE_02,OPT_CD_02
OPT_CODE_03,OPT_CD_03
OPT_CODE_04,OPT_CD_04
OPT_CODE_05,OPT_CD_05
OPT_PER_CODE_01,OPT_PER_CD_01
OPT_PER_UNIT_01_01,OPT_PER_UNIT_01_01
OPT_PER_UNIT_02_01,OPT_PER_UNIT_02_01
OPT_PER_UNIT_03_01,OPT_PER_UNIT_03_01
OPT_PER_UNIT_04_01,OPT_PER_UNIT_04_01
OPT_PER_CODE_02,OPT_PER_CD_02
OPT_PER_UNIT_01_02,OPT_PER_UNIT_01_02
OPT_PER_UNIT_02_02,OPT_PER_UNIT_02_02
OPT_PER_UNIT_03_02,OPT_PER_UNIT_03_02
OPT_PER_UNIT_04_02,OPT_PER_UNIT_04_02
OPT_PER_CODE_03,OPT_PER_CD_03
OPT_PER_UNIT_01_03,OPT_PER_UNIT_01_03
OPT_PER_UNIT_02_03,OPT_PER_UNIT_02_03
OPT_PER_UNIT_03_03,OPT_PER_UNIT_03_03
OPT_PER_UNIT_04_03,OPT_PER_UNIT_04_03
OPT_PER_CODE_04,OPT_PER_CD_04
OPT_PER_UNIT_01_04,OPT_PER_UNIT_01_04
OPT_PER_UNIT_02_04,OPT_PER_UNIT_02_04
OPT_PER_UNIT_03_04,OPT_PER_UNIT_03_04
OPT_PER_UNIT_04_04,OPT_PER_UNIT_04_04
OPT_PER_CODE_05,OPT_PER_CD_05
OPT_PER_UNIT_01_05,OPT_PER_UNIT_01_05
OPT_PER_UNIT_02_05,OPT_PER_UNIT_02_05
OPT_PER_UNIT_03_05,OPT_PER_UNIT_03_05
OPT_PER_UNIT_04_05,OPT_PER_UNIT_04_05
CURR_PROC_SCHED_01,CURR_PROC_SCHED_01
CURR_PROC_SCHED_02,CURR_PROC_SCHED_02
CURR_PROC_SCHED_03,CURR_PROC_SCHED_03
CURR_PROC_SCHED_04,CURR_PROC_SCHED_04
CURR_PROC_SCHED_05,CURR_PROC_SCHED_05
CURR_PROC_SCHED_06,CURR_PROC_SCHED_06
CURR_PROC_SCHED_07,CURR_PROC_SCHED_07
CURR_PROC_SCHED_08,CURR_PROC_SCHED_08
CURR_PROC_SCHED_09,CURR_PROC_SCHED_09
CURR_PROC_SCHED_10,CURR_PROC_SCHED_10
CURR_PROC_SCHED_11,CURR_PROC_SCHED_11
CURR_PROC_SCHED_12,CURR_PROC_SCHED_12
CURR_PROC_SCHED_13,CURR_PROC_SCHED_13
CURR_PROC_SCHED_14,CURR_PROC_SCHED_14
CURR_PROC_SCHED_15,CURR_PROC_SCHED_15
CURR_PROC_SCHED_16,CURR_PROC_SCHED_16
CURR_PROC_SCHED_17,CURR_PROC_SCHED_17
BK_NO,BNK_CD
CTL2,CURR_CD
CTL3,BR_CD
FORM_CODE01,FORM_CD01
RPT_FLAG01,RPT_FLAG01
RPT_FREQ01,RPT_FREQ01
MAJOR_SORT01,MAJOR_SORT01
CS15_SPOOL_CODE,CS15_SPOOL_CD
CS15_FORM_NO,CS15_FORM_NO
PREV_PROC_DAY,PREV_PROC_DAY
CUR_PROC_DAY,CUR_PROC_DAY
PROJ_PROC_DAY,PROJ_PROC_DAY
POST_THIS_TIME,POST_THIS_TIME
MO_START_FLAG,MO_START_FLAG
MO_END_FLAG,MO_END_FLAG
YR_START_FLAG,YR_START_FLAG
YR_END_FLAG,YR_END_FLAG
PROC_DAYS,PROC_DAYS
BR_REC_FLAG,BR_REC_FLAG
CTL2_SEQ,CTL2_SEQ
CTL3_SEQ,CTL3_SEQ
BCLINE_SEQ_FLAG,BCLINE_SEQ_FLAG
CLASS_SEQ_FLAG,CLASS_SEQ_FLAG
CTL1_TOTAL_PAGE,CTL1_TOTAL_PAGE
CTL2_TOTAL_PAGE,CTL2_TOTAL_PAGE
CTL3_TOTAL_PAGE,CTL3_TOTAL_PAGE
DC_ID,DC_ID
BK_GROUP_ID,BK_GROUP_ID
PARTIAL_CTR,PARTIAL_CTR
BK_ERR_CTR,BK_ERR_CTR
GROUP_ERR_CTR,GROUP_ERR_CTR
SPEC_PROC,SPEC_PROC
RERUN_CTR,RERUN_CTR
IN_SEQ_FILE,IN_SEQ_FILE
OUT_SEQ_FILE,OUT_SEQ_FILE
PREV_NO_RCDS,PREV_NO_RCDS
PREV_DIRLIAB,PREV_DIRLIAB
PREV_INDIRLIAB,PREV_INDIRLIAB
PREV_DIR_CONTGLIAB,PREV_DIR_CONTGLIAB
PREV_INDIR_CONTGLIAB,PREV_INDIR_CONTGLIAB
CUR_NO_RCDS,CUR_NO_RCDS
CUR_DIRLIAB,CUR_DIRLIAB
CUR_INDIRLIAB,CUR_INDIRLIAB
CUR_DIR_CONTGLIAB,CUR_DIR_CONTGLIAB
C_CUR_INDIR_CONTGLIAB,C_CUR_INDIR_CONTGLIAB
GEN_SHORT_NAME,GEN_SHORT_NM
STD_NOTICE_FILE,STD_NOTICE_FILE
DEALER_FLOOR,DEALER_FLOOR
CTL2LOOKUP,CTL2LOOKUP
CTL3LOOKUP,CTL3LOOKUP
OFFICERLOOKUP,OFFICERLOOKUP
COUNTRYLOOKUP,COUNTRYLOOKUP
STDLINE_CNT,STDLINE_CNT
CS21_CHK_DIGIT_PHASE,CS21_CHK_DIGIT_PHASE
CS21_EDIT_PHASE,CS21_EDIT_PHASE
CS22_EDIT_PHASE,CS22_EDIT_PHASE
FM_FORM_NO,FM_FORM_NO
FM_TB_PHASE,FM_TB_PHASE
FM_CTL2_BRK,FM_CTL2_BRK
FM_CTL3_BRK,FM_CTL3_BRK
FM_FREQX,FM_FREQX
FM_PRT_CLOSE,FM_PRT_CLOSE
FM_PROC_COMPLETE,FM_PROC_COMPLETE
FM_TB_PRINT,FM_TB_PRN
CUSTLDG_RESET,CUSTLDG_RESET
FM_ACCUM_TRIAL,FM_ACCUM_TRIAL
FM_SPOOLER,FM_SPOOLER
FM_OVERRIDE,FM_OVERRIDE
CURLOG_RBA,CURLOG_RBA
PER_STMT_MIN_AMT,PER_STMT_MIN_AMT
COM_STMT_MIN_AMT,COM_STMT_MIN_AMT
PER_STMT_DAYS_ALLOW,PER_STMT_DAYS_ALLOW
COM_STMT_DAYS_ALLOW,COM_STMT_DAYS_ALLOW
PER_STMT_BUMP,PER_STMT_BUMP
PER_STMT_INCRM,PER_STMT_INCRM
COM_STMT_BUMP,COM_STMT_BUMP
COM_STMT_INCRM,COM_STMT_INCRM
CUST_REVIEW_BUMP,CUST_REVIEW_BUMP
CUST_REVIEW_INCRM,CUST_REVIEW_INCRM
QTR_END_FLAG,QTR_END_FLAG
QTR_START_FLAG,QTR_START_FLAG
MO_END_DAY,MO_END_DAY
CS44_SPOOL_CODE,CS44_SPOOL_CD
CS44_OVERRIDE,CS44_OVERRIDE
X_AMOUNT,X_AMOUNT
Y_AMOUNT,Y_AMOUNT
Z_AMOUNT,Z_AMOUNT
EDIT1_FORM_NO,EDIT1_FORM_NO
EDIT2_FORM_NO,EDIT2_FORM_NO
CSTRN_FORM_NO,CSTRN_FORM_NO
RPDIS_FORM_NO,RPDIS_FORM_NO
BILL_STAT_FLAG,BILL_STAT_FLAG
REP_RCP_FLAG,REP_RCP_FLAG
IDL1_TYPE,IDL1_TYPE
IDL2_TYPE,IDL2_TYPE
IDL3_TYPE,IDL3_TYPE
IDL4_TYPE,IDL4_TYPE
IDL5_TYPE,IDL5_TYPE
IDL6_TYPE,IDL6_TYPE
IDL7_TYPE,IDL7_TYPE
IDL8_TYPE,IDL8_TYPE
SI_TS_TELLER,SI_TS_TELLER
SI_BRANCH,SI_BR_CD
SI_TERM_ID,SI_TERM_ID
PRINT_STATUS,PRN_STATUS
PRINT_ACTIVITY,PRN_ACTIVITY
GUA_PRINT_STATUS,GUA_PRN_STATUS
GUA_PRINT_ACTIVITY,GUA_PRN_ACTIVITY
PREV_CAPT_CENT,PREV_CAPT_DT
PREV_CAPT_DAY,PREV_CAPT_DAY
CUR_CAPT_DAY,CUR_CAPT_DAY
PROJ_CAPT_DAY,PROJ_CAPT_DAY
CS46_FORM_CODE,CS46_FORM_CD
CS46_SPOOL_CODE,CS46_SPOOL_CD
CS46_OVERRIDE,CS46_OVERRIDE
TSD_RESERVED,TSD_RESERVED
DATA_CENTER_FILLER1,DATA_CENTER_FILLER1
DATA_CENTER_FILLER2,DATA_CENTER_FILLER2
INTL_RESERVED,INTL_RESERVED
BASE_CURRENCY,BASE_CURR_CD
XRT_QUAL,XRT_QUAL
CTL1_CURRENCY,CTL1_CURR_CD
CS22_CONSOLIDATE,CS22_CNDT
CS31_CONSOLIDATE,CS31_CNDT
BCLIAB_CONSOLIDATE,BCLIAB_CNDT
ANAL_CONSOLIDATE,ANAL_CNDT
AUDIT_CONSOLIDATE,AUDIT_CNDT
BCLIAB_MCA_TRLR_AUTO,BCLIAB_MCA_TRLR_AUTO
TRANSFER_CUSTOMER,TX_CUST
VALIDATE_SIC_CODE,VALIDT_SIC_CD
COMMENTS_PRINT,COMMENTS_PRN
BK_NO,BNK_CD
CTL2,CURR_CD
CTL3,BR_CD
PROC_SCHEDULE01,PROC_SCHEDULE01
PROC_SCHEDULE02,PROC_SCHEDULE02
PROC_SCHEDULE03,PROC_SCHEDULE03
PROC_SCHEDULE04,PROC_SCHEDULE04
PROC_SCHEDULE05,PROC_SCHEDULE05
PROC_SCHEDULE06,PROC_SCHEDULE06
PROC_SCHEDULE07,PROC_SCHEDULE07
STD_CODE_01,STD_CD_01
STD_CODE_02,STD_CD_02
STD_CODE_03,STD_CD_03
STD_CODE_04,STD_CD_04
STD_CODE_05,STD_CD_05
STD_CODE_06,STD_CD_06
FORM_CODE17,FORM_CD17
RPT_FLAG17,RPT_FLAG17
RPT_FREQ17,RPT_FREQ17
MAJOR_SORT17,MAJOR_SORT17
MINOR_SORT17,MINOR_SORT17
RPT_PRINTED_FLAG17,RPT_PRNED_FLAG17
PHASE_NAME17,PHASE_NM17
RPT_CONSOLIDATE17,RPT_CNDT17
FORM_CODE18,FORM_CD18
RPT_FLAG18,RPT_FLAG18
RPT_FREQ18,RPT_FREQ18
MAJOR_SORT18,MAJOR_SORT18
MINOR_SORT18,MINOR_SORT18
RPT_PRINTED_FLAG18,RPT_PRNED_FLAG18
PHASE_NAME18,PHASE_NM18
RPT_CONSOLIDATE18,RPT_CNDT18
FORM_CODE19,FORM_CD19
RPT_FLAG19,RPT_FLAG19
RPT_FREQ19,RPT_FREQ19
MAJOR_SORT19,MAJOR_SORT19
MINOR_SORT19,MINOR_SORT19
RPT_PRINTED_FLAG19,RPT_PRNED_FLAG19
PHASE_NAME19,PHASE_NM19
RPT_CONSOLIDATE19,RPT_CNDT19
FORM_CODE20,FORM_CD20
RPT_FLAG20,RPT_FLAG20
RPT_FREQ20,RPT_FREQ20
MAJOR_SORT20,MAJOR_SORT20
MINOR_SORT20,MINOR_SORT20
RPT_PRINTED_FLAG20,RPT_PRNED_FLAG20
PHASE_NAME20,PHASE_NM20
RPT_CONSOLIDATE20,RPT_CNDT20
RPT_SPOOLER_01,RPT_SPOOLER_01
RPT_OVERRIDE_01,RPT_OVERRIDE_01
RPT_SPOOLER_02,RPT_SPOOLER_02
RPT_OVERRIDE_02,RPT_OVERRIDE_02
RPT_SPOOLER_03,RPT_SPOOLER_03
RPT_OVERRIDE_03,RPT_OVERRIDE_03
RPT_SPOOLER_04,RPT_SPOOLER_04
RPT_OVERRIDE_04,RPT_OVERRIDE_04
RPT_SPOOLER_05,RPT_SPOOLER_05
RPT_OVERRIDE_05,RPT_OVERRIDE_05
RPT_SPOOLER_06,RPT_SPOOLER_06
RPT_OVERRIDE_06,RPT_OVERRIDE_06
RPT_SPOOLER_07,RPT_SPOOLER_07
RPT_OVERRIDE_07,RPT_OVERRIDE_07
RPT_SPOOLER_08,RPT_SPOOLER_08
RPT_OVERRIDE_08,RPT_OVERRIDE_08
MINOR_SORT01,MINOR_SORT01
RPT_PRINTED_FLAG01,RPT_PRNED_FLAG01
PHASE_NAME01,PHASE_NM01
RPT_CONSOLIDATE01,RPT_CNDT01
FORM_CODE02,FORM_CD02
RPT_FLAG02,RPT_FLAG02
RPT_FREQ02,RPT_FREQ02
MAJOR_SORT02,MAJOR_SORT02
MINOR_SORT02,MINOR_SORT02
RPT_PRINTED_FLAG02,RPT_PRNED_FLAG02
PHASE_NAME02,PHASE_NM02
RPT_CONSOLIDATE02,RPT_CNDT02
FORM_CODE03,FORM_CD03
RPT_FLAG03,RPT_FLAG03
RPT_FREQ03,RPT_FREQ03
MAJOR_SORT03,MAJOR_SORT03
MINOR_SORT03,MINOR_SORT03
RPT_PRINTED_FLAG03,RPT_PRNED_FLAG03
PHASE_NAME03,PHASE_NM03
RPT_CONSOLIDATE03,RPT_CNDT03
FORM_CODE04,FORM_CD04
RPT_FLAG04,RPT_FLAG04
RPT_FREQ04,RPT_FREQ04
MAJOR_SORT04,MAJOR_SORT04
MINOR_SORT04,MINOR_SORT04
RPT_PRINTED_FLAG04,RPT_PRNED_FLAG04
PHASE_NAME04,PHASE_NM04
RPT_CONSOLIDATE04,RPT_CNDT04
FORM_CODE05,FORM_CD05
RPT_FLAG05,RPT_FLAG05
RPT_FREQ05,RPT_FREQ05
MAJOR_SORT05,MAJOR_SORT05
MINOR_SORT05,MINOR_SORT05
RPT_PRINTED_FLAG05,RPT_PRNED_FLAG05
PHASE_NAME05,PHASE_NM05
RPT_CONSOLIDATE05,RPT_CNDT05
FORM_CODE06,FORM_CD06
RPT_FLAG06,RPT_FLAG06
RPT_FREQ06,RPT_FREQ06
MAJOR_SORT06,MAJOR_SORT06
MINOR_SORT06,MINOR_SORT06
RPT_PRINTED_FLAG06,RPT_PRNED_FLAG06
PHASE_NAME06,PHASE_NM06
RPT_CONSOLIDATE06,RPT_CNDT06
FORM_CODE07,FORM_CD07
RPT_FLAG07,RPT_FLAG07
RPT_FREQ07,RPT_FREQ07
MAJOR_SORT07,MAJOR_SORT07
MINOR_SORT07,MINOR_SORT07
RPT_PRINTED_FLAG07,RPT_PRNED_FLAG07
PHASE_NAME07,PHASE_NM07
RPT_CONSOLIDATE07,RPT_CNDT07
FORM_CODE08,FORM_CD08
RPT_FLAG08,RPT_FLAG08
RPT_FREQ08,RPT_FREQ08
MAJOR_SORT08,MAJOR_SORT08
MINOR_SORT08,MINOR_SORT08
RPT_PRINTED_FLAG08,RPT_PRNED_FLAG08
PHASE_NAME08,PHASE_NM08
RPT_CONSOLIDATE08,RPT_CNDT08
FORM_CODE09,FORM_CD09
RPT_FLAG09,RPT_FLAG09
RPT_FREQ09,RPT_FREQ09
MAJOR_SORT09,MAJOR_SORT09
MINOR_SORT09,MINOR_SORT09
RPT_PRINTED_FLAG09,RPT_PRNED_FLAG09
PHASE_NAME09,PHASE_NM09
RPT_CONSOLIDATE09,RPT_CNDT09
FORM_CODE10,FORM_CD10
RPT_FLAG10,RPT_FLAG10
RPT_FREQ10,RPT_FREQ10
MAJOR_SORT10,MAJOR_SORT10
MINOR_SORT10,MINOR_SORT10
RPT_PRINTED_FLAG10,RPT_PRNED_FLAG10
PHASE_NAME10,PHASE_NM10
RPT_CONSOLIDATE10,RPT_CNDT10
FORM_CODE11,FORM_CD11
RPT_FLAG11,RPT_FLAG11
RPT_FREQ11,RPT_FREQ11
MAJOR_SORT11,MAJOR_SORT11
MINOR_SORT11,MINOR_SORT11
RPT_PRINTED_FLAG11,RPT_PRNED_FLAG11
PHASE_NAME11,PHASE_NM11
RPT_CONSOLIDATE11,RPT_CNDT11
FORM_CODE12,FORM_CD12
RPT_FLAG12,RPT_FLAG12
RPT_FREQ12,RPT_FREQ12
MAJOR_SORT12,MAJOR_SORT12
MINOR_SORT12,MINOR_SORT12
RPT_PRINTED_FLAG12,RPT_PRNED_FLAG12
PHASE_NAME12,PHASE_NM12
RPT_CONSOLIDATE12,RPT_CNDT12
FORM_CODE13,FORM_CD13
RPT_FLAG13,RPT_FLAG13
RPT_FREQ13,RPT_FREQ13
MAJOR_SORT13,MAJOR_SORT13
MINOR_SORT13,MINOR_SORT13
RPT_PRINTED_FLAG13,RPT_PRNED_FLAG13
PHASE_NAME13,PHASE_NM13
RPT_CONSOLIDATE13,RPT_CNDT13
FORM_CODE14,FORM_CD14
RPT_FLAG14,RPT_FLAG14
RPT_FREQ14,RPT_FREQ14
MAJOR_SORT14,MAJOR_SORT14
MINOR_SORT14,MINOR_SORT14
RPT_PRINTED_FLAG14,RPT_PRNED_FLAG14
PHASE_NAME14,PHASE_NM14
RPT_CONSOLIDATE14,RPT_CNDT14
FORM_CODE15,FORM_CD15
RPT_FLAG15,RPT_FLAG15
RPT_FREQ15,RPT_FREQ15
MAJOR_SORT15,MAJOR_SORT15
MINOR_SORT15,MINOR_SORT15
RPT_PRINTED_FLAG15,RPT_PRNED_FLAG15
PHASE_NAME15,PHASE_NM15
RPT_CONSOLIDATE15,RPT_CNDT15
FORM_CODE16,FORM_CD16
RPT_FLAG16,RPT_FLAG16
RPT_FREQ16,RPT_FREQ16
MAJOR_SORT16,MAJOR_SORT16
MINOR_SORT16,MINOR_SORT16
RPT_PRINTED_FLAG16,RPT_PRNED_FLAG16
PHASE_NAME16,PHASE_NM16
RPT_CONSOLIDATE16,RPT_CNDT16
FTI_PREFIX,TAX_PREFIX
FTI_SSN_1,TAX_SSN_1
FTI_SSN_2,TAX_SSN_2
FTI_SSN_3,TAX_SSN_3
FTI_SUFFIX,TAX_SUFFIX
HOME_PHONE_NUMBER,HOME_PHONE_NO
OFFICE_PHONE_NUMBER,OFF_PHONE_NO
NA_TRLR_TYPE_1,NM_LINE_TP_01
NA_TRLR_SEQ_1,NM_LINE_SEQ_01
NA_TRLR_LINE_1,NM_LINE_DATA_01
NA_TRLR_SS_NAME_CD_1,NM_LINE_SSN_01
NA_TRLR_TYPE_2,NM_LINE_TP_02
NA_TRLR_SEQ_2,NM_LINE_SEQ_02
NA_TRLR_LINE_2,NM_LINE_DATA_02
NA_TRLR_SS_NAME_CD_2,NM_LINE_SSN_02
NA_TRLR_TYPE_3,NM_LINE_TP_03
NA_TRLR_SEQ_3,NM_LINE_SEQ_03
NA_TRLR_LINE_3,NM_LINE_DATA_03
NA_TRLR_SS_NAME_CD_3,NM_LINE_SSN_03
NA_TRLR_TYPE_4,NM_LINE_TP_04
NA_TRLR_SEQ_4,NM_LINE_SEQ_04
NA_TRLR_LINE_4,NM_LINE_DATA_04
NA_TRLR_SS_NAME_CD_4,NM_LINE_SSN_04
NA_TRLR_TYPE_5,NM_LINE_TP_05
NA_TRLR_SEQ_5,NM_LINE_SEQ_05
NA_TRLR_LINE_5,NM_LINE_DATA_05
NA_TRLR_SS_NAME_CD_5,NM_LINE_SSN_05
NA_TRLR_TYPE_6,NM_LINE_TP_06
NA_TRLR_SEQ_6,NM_LINE_SEQ_06
NA_TRLR_LINE_6,NM_LINE_DATA_06
NA_TRLR_SS_NAME_CD_6,NM_LINE_SSN_06
NA_TRLR_TYPE_7,NM_LINE_TP_07
NA_TRLR_SEQ_7,NM_LINE_SEQ_07
NA_TRLR_LINE_7,NM_LINE_DATA_07
NA_TRLR_SS_NAME_CD_7,NM_LINE_SSN_07
NA_TRLR_TYPE_8,NM_LINE_TP_08
NA_TRLR_SEQ_8,NM_LINE_SEQ_08
NA_TRLR_LINE_8,NM_LINE_DATA_08
NA_TRLR_SS_NAME_CD_8,NM_LINE_SSN_08
NA_TRLR_TYPE_9,NM_LINE_TP_09
RPT_SPOOLER_09,RPT_SPOOLER_09
RPT_OVERRIDE_09,RPT_OVERRIDE_09
RPT_SPOOLER_10,RPT_SPOOLER_10
RPT_OVERRIDE_10,RPT_OVERRIDE_10
RPT_SPOOLER_11,RPT_SPOOLER_11
RPT_OVERRIDE_11,RPT_OVERRIDE_11
RPT_SPOOLER_12,RPT_SPOOLER_12
RPT_OVERRIDE_12,RPT_OVERRIDE_12
RPT_SPOOLER_13,RPT_SPOOLER_13
RPT_OVERRIDE_13,RPT_OVERRIDE_13
RPT_SPOOLER_14,RPT_SPOOLER_14
RPT_OVERRIDE_14,RPT_OVERRIDE_14
RPT_SPOOLER_15,RPT_SPOOLER_15
RPT_OVERRIDE_15,RPT_OVERRIDE_15
RPT_SPOOLER_16,RPT_SPOOLER_16
RPT_OVERRIDE_16,RPT_OVERRIDE_16
RPT_SPOOLER_17,RPT_SPOOLER_17
RPT_OVERRIDE_17,RPT_OVERRIDE_17
RPT_SPOOLER_18,RPT_SPOOLER_18
RPT_OVERRIDE_18,RPT_OVERRIDE_18
RPT_SPOOLER_19,RPT_SPOOLER_19
RPT_OVERRIDE_19,RPT_OVERRIDE_19
RPT_SPOOLER_20,RPT_SPOOLER_20
RPT_OVERRIDE_20,RPT_OVERRIDE_20
BCLIAB_SPOOLER,BCLIAB_SPOOLER
BCLIAB_OVERRIDE,BCLIAB_OVERRIDE
ANAL_SPOOLER,ANAL_SPOOLER
ANAL_OVERRIDE,ANAL_OVERRIDE
AUDIT_SPOOLER,AUDIT_SPOOLER
AUDIT_OVERRIDE,AUDIT_OVERRIDE
CUSTOMER_NUMBER,PERS_ID
CUSTOMER_NUMBER,CIF_NO
CONTROL_3,BR_CD
SHORT_NAME,ABBR_NM
BIRTHDATE,ACCT_HOLD_BIRTH_DT
HOME_PHONE,HOME_PHONE_NO
BUSINESS_PHONE,BZ_PHONE_NO
ZIP_SAVE,ZIP_SAVE
OFF_EMP,BNK_EMP_REL_CL
NAME_CTL,NM_CTL
INTL_CUST_LANGUAGE,INTL_CUST_LAGAGE
INTL_CUST_LANG_GROUP,INTL_CUST_LAGAGE_GRP
INTL_CURR_CODE,INTL_LAGAGE_CD
NA_NO_LINES_1,NA_NO_LINE_1
NAME1_ADDR_TYPE,NM1_ADDR_TP
LINE1_NO,LINE1_NO
NAME1_ADDRESS,NM1_ADDR
NAME2_ADDR_TYPE,NM2_ADDR_TP
LINE2_NO,LINE2_NO
NAME2_ADDRESS,NM2_ADDR
NAME3_ADDR_TYPE,NM3_ADDR_TP
LINE3_NO,LINE3_NO
NAME3_ADDRESS,NM3_ADDR
NAME4_ADDR_TYPE,NM4_ADDR_TP
LINE4_NO,LINE4_NO
NAME4_ADDRESS,NM4_ADDR
NAME5_ADDR_TYPE,NM5_ADDR_TP
LINE5_NO,LINE5_NO
NAME5_ADDRESS,NM5_ADDR
NAME6_ADDR_TYPE,NM6_ADDR_TP
LINE6_NO,LINE6_NO
NAME6_ADDRESS,NM6_ADDR
NAME7_ADDR_TYPE,NM7_ADDR_TP
LINE7_NO,LINE7_NO
NAME7_ADDRESS,NM7_ADDR
NAME8_ADDR_TYPE,NM8_ADDR_TP
LINE8_NO,LINE8_NO
NAME8_ADDRESS,NM8_ADDR
MS_NA_NO_LINES_2,MS_NA_NO_LINE_2
NAME1_ADDR_TYPE_2,NM1_ADDR_TYPE_2
LINE1_NO_2,LINE1_NO_2
NA1_CITY_STATE_2,NM1_CITY_STATE_2
NA1_ZIP_CODE_2,NM1_ZIP_CD_2
NAME2_ADDR_TYPE_2,NM2_ADDR_TYPE_2
LINE2_NO_2,LINE2_NO_2
NA2_CITY_STATE_2,NM2_CITY_STATE_2
NA2_ZIP_CODE_2,NM2_ZIP_CD_2
NAME3_ADDR_TYPE_2,NM3_ADDR_TYPE_2
LINE3_NO_2,LINE3_NO_2
NA3_CITY_STATE_2,NM3_CITY_STATE_2
NA3_ZIP_CODE_2,NM3_ZIP_CD_2
NAME4_ADDR_TYPE_2,NM4_ADDR_TYPE_2
LINE4_NO_2,LINE4_NO_2
NA4_CITY_STATE_2,NM4_CITY_STATE_2
NA4_ZIP_CODE_2,NM4_ZIP_CD_2
NAME5_ADDR_TYPE_2,NM5_ADDR_TYPE_2
LINE5_NO_2,LINE5_NO_2
NA5_CITY_STATE_2,NM5_CITY_STATE_2
NA5_ZIP_CODE_2,NM5_ZIP_CD_2
NAME6_ADDR_TYPE_2,NM6_ADDR_TYPE_2
LINE6_NO_2,LINE6_NO_2
NA6_CITY_STATE_2,NM6_CITY_STATE_2
NA6_ZIP_CODE_2,NM6_ZIP_CD_2
NAME7_ADDR_TYPE_2,NM7_ADDR_TYPE_2
LINE7_NO_2,LINE7_NO_2
NA7_CITY_STATE_2,NM7_CITY_STATE_2
NA7_ZIP_CODE_2,NM7_ZIP_CD_2
NAME8_ADDR_TYPE_2,NM8_ADDR_TYPE_2
LINE8_NO_2,LINE8_NO_2
NA8_CITY_STATE_2,NM8_CITY_STATE_2
NA8_ZIP_CODE_2,NM8_ZIP_CD_2
SSN_DELETE,SSN_DEL
SSN_NAME,SSN_NAME
SSN_ST_ADDR,SSN_ADDR
SSN_CITY_ST,SSN_CITY
SSN_ZIP,SSN_ZIP
SSN_FOREIGN_ADDRESS,SSN_FOR_ADDR
RK_RECORD_PTR,RK_RECORD_PTR
CUSTOMER_NUMBER,CIF_NO
OFF_EMP_FLAG,OFF_EMP_ST
SHORT_NAME,ABBR_NM
MARITAL_STATUS,ACCT_HOLD_WED_ST_TP
SEX,ACCT_HOLD_SEX_TP
RACE,ACCT_HOLD_RACE_TP
STATE_CODE,STATE_CD
COUNTRY_CODE,COUNTRY_ABBR
NA_TRLR_SEQ_9,NM_LINE_SEQ_09
NA_TRLR_LINE_9,NM_LINE_DATA_09
NA_TRLR_SS_NAME_CD_9,NM_LINE_SSN_09
SC_TRLR_TYPE,TRAILER_TP
CUSTOMER_NUMBER,PERS_ID
ANA_TRLR_TYPE,ALT_NM_ADDR_TP
CUSTOMER_NUMBER,CIF_NO
OFF_EMP_FLAG,OFF_EMP_ST
SHORT_NAME,ABBR_NM
MARITAL_STATUS,ACCT_HOLD_WED_ST_TP
SEX,ACCT_HOLD_SEX_TP
RACE,ACCT_HOLD_RACE_TP
STATE_CODE,STATE_CD
COUNTRY_CODE,COUNTRY_ABBR
FTI_PREFIX,TAX_PREFIX
FTI_SSN_1,TAX_SSN_1
FTI_SSN_2,TAX_SSN_2
FTI_SSN_3,TAX_SSN_3
FTI_SUFFIX,TAX_SUFFIX
HOME_PHONE_NUMBER,HOME_PHONE_NO
OFFICE_PHONE_NUMBER,OFF_PHONE_NO
ANA_TRLR_NO,ALT_NM_N_TRAILER_NO
ANA_TRLR_POINTER,ALT_NM_ADDR_CD
ANA_TRLR_BEG_DATE,ALT_NM_ADDR_BEGIN_DT
ANA_TRLR_EXP_DATE,ALT_NM_ADDR_END_DT
ANA_TRLR_SEAS_RECUR_FLAG,DT_RANGE_RECUR_IDCT
ANA_TRLR_DUP_OPT,ANA_TRAILER_DUP_OPT
SC_TRLR_TYPE,TRAILER_TP
KDS_ORG_NBR   ,ORGAZ_NO
KDS_CUST_NBR  ,CUST_NO
KDS_INCOME    ,CUST_INC
KDS_IC_PP     ,CURRENT_ID_NO
KDS_LAST_IC_PP,LST_ID_NO
KDS_USR_DEF_1 ,USR_DEF_1 
KDS_USR_DEF_2 ,USR_DEF_2 
KDS_MOTHER    ,MOTHER_MAIDEN
KDS_SUPCRD_CRD_NBR1_1,SUPP_CRD_NO1_1
KDS_SUPCRD_CRD_NBR2_1,SUPP_CRD_NO2_1
KDS_SUPCRD_BIRTHDTE_1,SUPP_CRD_BIRTH_1
KDS_SUPCRD_ADDR_TYPE_1,SUPP_CRD_ADDR__1
KDS_SUPCRD_IC_PP_1,SUPP_CRD_ID_NO_1
KDS_SUPCRD_RELATION_1,SUPP_CRD_REL_1
KDS_SUPCRD_ADDR1_1,SUPP_CRD_ADDR1_1
KDS_SUPCRD_ADDR2_1,SUPP_CRD_ADDR2_1
KDS_SUPCRD_ADDR3_1,SUPP_CRD_ADDR3_1
KDS_SUPCRD_CITY_1,SUPP_CRD_CITY_1
KDS_SUPCRD_POSTAL_1,SUPP_CRD_POSTAL_1
KDS_SUPCRD_HPHONE_4,SUPP_CRD_HPHONE_4
KDS_SUPCRD_INCOME_4,SUPP_CRD_INC_4
KDS_SUPCRD_MOTHER_4,SUPP_CRD_MOTHER_MAIDEN_4
KDS_SUPCRD_ST_4,SUPP_CRD_ST_4
FILLER,FILLER
MT_HOST_SYS_CD,PERS_ID
CIF_ID,CIF_ID
NO,CIF_NO
MT_HOST_SYS_CD,HOST_SYS_CD
ID,SORC_NO_ID
ID,CIF_ID
NO,GCIF_NO
MT_CIF_TYP_CD,CIF_TP_CD
MT_CIF_CAT_CD,CIF_CTG_CD
MT_CIF_STS_CD,CIF_ST_CD
CIF_GRP_CD,CIF_GRP_CD
HOME_MT_BR_CD,HOME_BR_CD
TRADE_MT_BR_CD,TRADE_BR_CD
DT_REGISTERED,REG_DT
AGE,AGE
NM,GCIF_CIF_NM
NM_LINE_1,NM_LINE_1
NM_LINE_2,NM_LINE_2
NM_LINE_3,NM_LINE_3
ALT_NM,ALT_NM
ALT_NM_LINE_1,ALT_NM_LINE_1
ALT_NM_LINE_2,ALT_NM_LINE_2
ALT_NM_LINE_3,ALT_NM_LINE_3
SHORT_NM,CIF_SHORT_NM
ALIAS_NM,ALIAS_NM
FORMER_NM,FORMER_NM
MOBILE_NO,MOBILE_NO
PAGER_NO,PAGE_NO
CONTACT_NO,CNTCT_NO
EMAIL,EMAIL
WEBSITE,WEBSITE
QLTTV_MT_CIF_CLASS_CD,QUALIF_CIF_CL_CD
QNTTV_MT_CIF_CLASS_CD,QUNT_CIF_CL_CD
PROFITABILITY_RATING,PROFIT_RTNG
MF_RISK_PROFILE,RISK_PROF
MT_COLLECTIBILITY_RATING_CD,COLL_RTNG_CD
MT_RISK_RATING_CD,RISK_RTNG_CD
MT_CITIZEN_CD,CITIZ_CD
NATIONALITY_MT_CTRY_CD,NAT_COUNTRY_CD
ORIGIN_MT_CTRY_CD,ORG_COUNTRY_CD
MT_ETHNIC_CD,ETHNIC_CD
PREFER_MT_LANG_CD,PREFR_LAGAGE_CD
MT_SIGN_TYP_CD,SIGN_TP_CD
MT_DEFAULT_MEDIA_CD,DFLT_MED_CD
MT_CONSTITUTION_CD,CONST_CD
MT_CIF_RESIDENT_STS_CD,CIF_RESDT_ST_CD
RISK_MT_CTRY_CD,RISK_COUNTRY_CD
DT_INC_STMT,INC_STMG_DT
DT_LAST_REVIEW,LST_REVW_DT
DT_NEXT_REVIEW,NEXT_REVW_DT
DT_CIF_SINCE,CIF_SINCE_DT
DT_BORROW_SINCE,BROW_SINCE_DT
DT_FAC_FIRST_GRANTED,FCLT_FST_GRNT_DT
DT_FAC_FIRST_DISB,FCLT_FST_DBRS_DT
IS_HIGH_RISK,HIGH_RISK_FG
IS_OFAC_MATCH,OFAC_MCH_FG
KDS_SUPCRD_EMPLOYER_1,SUPP_CRD_EMPLOYER_1
KDS_SUPCRD_HOME_TEL_1,SUPP_CRD_HOME_TEL_1
KDS_SUPCRD_WORK_TEL_1,SUPP_CRD_WORK_TEL_1
KDS_SUPCRD_HPHONE_1,SUPP_CRD_HPHONE_1
KDS_SUPCRD_INCOME_1,SUPP_CRD_INC_1
KDS_SUPCRD_MOTHER_1,SUPP_CRD_MOTHER_MAIDEN_1
KDS_SUPCRD_ST_1,SUPP_CRD_ST_1
KDS_SUPCRD_CRD_NBR1_2,SUPP_CRD_NO1_2
KDS_SUPCRD_CRD_NBR2_2,SUPP_CRD_NO2_2
KDS_SUPCRD_BIRTHDTE_2,SUPP_CRD_BIRTH_2
KDS_SUPCRD_ADDR_TYPE_2,SUPP_CRD_ADDR__2
KDS_SUPCRD_IC_PP_2,SUPP_CRD_ID_NO_2
KDS_SUPCRD_RELATION_2,SUPP_CRD_REL_2
KDS_SUPCRD_ADDR1_2,SUPP_CRD_ADDR1_2
KDS_SUPCRD_ADDR2_2,SUPP_CRD_ADDR2_2
KDS_SUPCRD_ADDR3_2,SUPP_CRD_ADDR3_2
KDS_SUPCRD_CITY_2,SUPP_CRD_CITY_2
KDS_SUPCRD_POSTAL_2,SUPP_CRD_POSTAL_2
KDS_SUPCRD_EMPLOYER_2,SUPP_CRD_EMPLOYER_2
KDS_SUPCRD_HOME_TEL_2,SUPP_CRD_HOME_TEL_2
KDS_SUPCRD_WORK_TEL_2,SUPP_CRD_WORK_TEL_2
KDS_SUPCRD_HPHONE_2,SUPP_CRD_HPHONE_2
KDS_SUPCRD_INCOME_2,SUPP_CRD_INC_2
KDS_SUPCRD_MOTHER_2,SUPP_CRD_MOTHER_MAIDEN_2
KDS_SUPCRD_ST_2,SUPP_CRD_ST_2
KDS_SUPCRD_CRD_NBR1_3,SUPP_CRD_NO1_3
KDS_SUPCRD_CRD_NBR2_3,SUPP_CRD_NO2_3
KDS_SUPCRD_BIRTHDTE_3,SUPP_CRD_BIRTH_3
KDS_SUPCRD_ADDR_TYPE_3,SUPP_CRD_ADDR_3
KDS_SUPCRD_IC_PP_3,SUPP_CRD_ID_NO_3
KDS_SUPCRD_RELATION_3,SUPP_CRD_REL_3
KDS_SUPCRD_ADDR1_3,SUPP_CRD_ADDR1_3
KDS_SUPCRD_ADDR2_3,SUPP_CRD_ADDR2_3
KDS_SUPCRD_ADDR3_3,SUPP_CRD_ADDR3_3
KDS_SUPCRD_CITY_3,SUPP_CRD_CITY_3
KDS_SUPCRD_POSTAL_3,SUPP_CRD_POSTAL_3
KDS_SUPCRD_EMPLOYER_3,SUPP_CRD_EMPLOYER_3
KDS_SUPCRD_HOME_TEL_3,SUPP_CRD_HOME_TEL_3
KDS_SUPCRD_WORK_TEL_3,SUPP_CRD_WORK_TEL_3
KDS_SUPCRD_HPHONE_3,SUPP_CRD_HPHONE_3
KDS_SUPCRD_INCOME_3,SUPP_CRD_INC_3
KDS_SUPCRD_MOTHER_3,SUPP_CRD_MOTHER_MAIDEN_3
KDS_SUPCRD_ST_3,SUPP_CRD_ST_3
KDS_SUPCRD_CRD_NBR1_4,SUPP_CRD_NO1_4
KDS_SUPCRD_CRD_NBR2_4,SUPP_CRD_NO2_4
KDS_SUPCRD_BIRTHDTE_4,SUPP_CRD_BIRTH_4
KDS_SUPCRD_ADDR_TYPE_4,SUPP_CRD_ADDR__4
KDS_SUPCRD_IC_PP_4,SUPP_CRD_ID_NO_4
KDS_SUPCRD_RELATION_4,SUPP_CRD_REL_4
KDS_SUPCRD_ADDR1_4,SUPP_CRD_ADDR1_4
KDS_SUPCRD_ADDR2_4,SUPP_CRD_ADDR2_4
KDS_SUPCRD_ADDR3_4,SUPP_CRD_ADDR3_4
KDS_SUPCRD_CITY_4,SUPP_CRD_CITY_4
KDS_SUPCRD_POSTAL_4,SUPP_CRD_POSTAL_4
KDS_SUPCRD_EMPLOYER_4,SUPP_CRD_EMPLOYER_4
KDS_SUPCRD_HOME_TEL_4,SUPP_CRD_HOME_TEL_4
KDS_SUPCRD_WORK_TEL_4,SUPP_CRD_WORK_TEL_4
CONTACT_PERSON_1,CNTCT_PSON_1
HANDPHONE_NO_1,HP_NO_1
CONTACT_PERSON_2,CNTCT_PSON_2
HANDPHONE_NO_2,HP_NO_2
UPDT_TYPE,UPDT_TP
FATHER_NM,FATHER_NM
MT_JNS_JMH_HJ_CD,JMH_HJ_TP_DESC
CIF_ID,CIF_ID
ID,ACCT_MGMT_ID
SEC_USER_ID,SEC_USR_ID
CREATED_BY,CREATE_USR
UPDATED_BY,UPDT_USR
DT_CREATED,CREATE_DT
DT_UPDATED,UPDT_DT
NO,GCIF_NO
ID,STMG_RQST_ID
CIF_ID,CIF_ID
PARENT_ACCT_NO,PARENT_ACCT_NO
MT_STS_CD,STMT_ST_CD
DT_PROCESSED,PROC_DT
CREATED_BY,CREATE_USR
DT_CREATED,CREATE_DT
PARENT_MT_CUR_CD,PARENT_CURR_CD
APPROVED_BY,APPRV_BY
DT_APPROVED,APPRV_DT
APPROVED_RSN,APPRV_RSN
UPDATED_BY,UPDT_USR
DT_UPDATED,UPDT_DT
COMBINED_STMT_REQ_ID,STMG_RQST_ID
ID,STMG_DTL_ID
ACCT_NO,ACCT_NO
MT_CUR_CD,CURR_CD
ACCT_HOLDER_NM,ACCT_HOLD_NM
MT_ACCT_REL_CD,ACCT_REL_CD
MT_APP_CD,ACCT_APPL_CD
ID,BLACK_ID
NO,BLACK_NO
CODE,BLACK_CD
REG_NO,REG_NO
LETTER_NO,LETTER_NO
DT_LETTER,LETTER_DT
OPERATOR_ID,OP_ID
NAME,BLACK_NM
TAX_NO,TAX_NO
DT_REGISTERED,REG_DT
ADDR_LINE_1,ADDR_LINE_1
ADDR_LINE_2,ADDR_LINE_2
ADDR_LINE_3,ADDR_LINE_3
HIST_LETTER_NO,HISTY_LETTER_NO
HIST_DT_LETTER,HISTY_LETTER_DT
HIST_NAME,HISTY_NM
HIST_ADDR_LINE_1,HISTY_ADDR_LINE_1
HIST_ADDR_LINE_2,HISTY_ADDR_LINE_2
HIST_ADDR_LINE_3,HISTY_ADDR_LINE_3
MT_RSN_CD,RSN_CD
IS_BANK_RELATED,BNK_REL_FG
MT_BANK_REL_CD,BNK_RELTN_CD
OTHER_BANK_REL_DSCP,OTHR_BNK_REL_DESC
MT_BANK_REL_COMP_CD,BNK_REL_COM_CD
IS_CDT_BUR_ALLOWED,CR_BURU_ALLOW_FG
ORIGIN_MT_HOST_SYS_CD,ORG_HOST_SYS_CD
ORIGIN_MT_CHANNEL_CD,ORG_CHAN_CD
DT_ORIGIN_CHANNEL_UPDATED,ORG_UPDT_DT
MT_STS_CD,ST_CD
MT_OBLIGOR_CD,OBG_CD
REMARK,CIF_REM
IS_TERRORIST_MATCH,TERR_MCH_FG
DT_CHECKED,CHECK_DT
MT_CHANNEL_CD,CHAN_CD
DT_LETTER_REMINDER,LETTER_REMINDER_DT
DT_BLACKLIST_CREATED,BLACK_CREATE_DT
IS_DELETE,DEL_FG
IS_MERGED,MERGE_FG
IS_DOWNLOAD,DN_FG
DT_DOWNLOAD,DN_DT
CREATED_BY,CREATE_USR
UPDATED_BY,UPDT_USR
APPROVED_BY,APPRV_BY
DT_CREATED,CREATE_DT
DT_UPDATED,UPDT_DT
DT_APPROVED,APPRV_DT
DT_LAST_MAINT_BY_FE,LST_MAINT_DT
INCOME_TAX_NO,INC_TAX_NO
MERGED_CIF_ID,MERGE_CIF_ID
DELETED_BY,DEL_BY
DT_DELETED,DEL_DT
CDT_FILE_NO,CS_CREATE_FILE_NO
MT_BORROW_STS_CD,BROW_ST_CD
ISSUING_MT_CTRY_CD_1,ISSU_COUNTRY_CD_1
ISSUING_MT_CTRY_CD_2,ISSU_COUNTRY_CD_2
ISSUING_MT_CTRY_CD_3,ISSU_COUNTRY_CD_3
DT_EXPIRED_CIF_ID_1,CIF_ID_EXPR_DT_1
DT_EXPIRED_CIF_ID_2,CIF_ID_EXPR_DT_2
DT_EXPIRED_CIF_ID_3,CIF_ID_EXPR_DT_3
MT_STATE_OPRTN_CD,OP_STATE_CD
MT_IND_CD,INDS_INFO_CD
MT_BIZ_CD,BZ_CL
OTHER_BIZ_DSCP,OTHR_BZ_DESC
CORE_BIZ,CORE_BZ_DESC
MT_BIZ_SEG_CD,BZ_SGMT_CD
MT_BIZ_LINE_CD,BZ_LINE_CD
MT_CIF_CTPTY_CD,CIF_CPRTY_CD
MT_CIF_RESIDENT_CD,CIF_RESDT_CD
MT_RESIDENCE_TYP_CD,CURT_RESDT_TP_CD
MT_LENGTH_STAY_CD,STAY_LEN_CD
MT_RESIDENCE_LCT_CD,RESDT_LOC_CD
RENT_AMT,RENT_AMT
LANDLORD,LANDLD_DESC
DEBT_RATIO,DEBT_RTO
SERVICE_RATIO,SERV_RTO
DT_SOLD_AMC,SOLD_DT
IS_EXISTING_CIF,CIF_EXIST_FG
BANK_RELATED_NM,BK_REL_NM
MT_CIF_REL_CD,CIF_REL_CD
IS_VIP,VIP_FG
IS_PERMANENT_RES,PERM_RESDT_FG
MT_ECON_SECTOR_CD,BII_ES_CD
MT_CIF_ID_TYP_CD_1,CIF_TP_CD_1
MT_CIF_ID_TYP_CD_2,CIF_TP_CD_2
MT_CIF_ID_TYP_CD_3,CIF_TP_CD_3
ID_NO_1,ID_NO_1
ID_NO_2,ID_NO_2
ID_NO_3,ID_NO_3
HOST_CIF_ID,CIF_NO
IS_BANK_RELATED_2,BNK_REL_FG_2
IS_PRIME_BANK,PRIME_BK_FG
RELATIONSHIP_WT_BANK,REL_WITH_BK
DEBT_TYPE_CD,DEBT_TP_CD
MT_SHARE_DATA_CD,SHARE_DATA_CD
DOMICILE_MT_CTRY_CD,DOMICILE_MT_CTRY_CD
HOST_CIF_NO,PERS_ID
NO,CARD_NO
HOST_CIF_NO,CIF_NO
MT_PROD_SERV_CD,PRD_SERV_CD
MT_PROD_SERV_STS_CD,PRD_SERV_ST_CD
MT_CUR_CD,CURR_CD
BAL_AMT,BAL_AMT
DT_AS_AT,AS_AT_DT
DT_DOWNLOAD,DN_DT
ACCT_NO,ACCT_NO
IS_PRIMARY,PRIM_CARD_FG
MT_BANK_CARD_TYP_CD,BNK_CARD_TP_CD
ID,ACCT_ID
HOST_CIF_NO,PERS_ID
NO,ACCT_NO
HOST_CIF_NO,CIF_NO
MT_BANK_CD,BNK_CD
MT_CUR_CD,CURR_CD
MT_PROD_SERV_CD,PRD_SERV_CD
BAL_AMT,BAL_AMT
HOLD_AMT,HOLD_AMT
PLEDGE_AMT,PLEDGE_AMT
IS_IBS,IB_FG
DT_AS_AT,DT_AS_AT
OFFICER1,OFFICER_1
OFFICER2,OFFICER_2
MT_APP_CD,ACCT_APPL_CD
MT_ACCT_REL_CD,ACCT_REL_CD
DT_DOWNLOAD,DN_DT
MT_CUR_DISP_CD,CURR_DISP_CD
PROMO_CD,PRMT_CD_1
RECOMMENDER,RECOMD
ID,AUTH_ID
ID_NO,AUTH_PSON_ID_NO
ACCT_NO,ACCT_NO
MT_AUTHORISATION_TYP_CD,AUTH_TP_CD
MT_STS_CD,AUTH_ST_CD
VERIFICATION_REMARK,VRFT_REM
CREATED_BY,CREATE_USR
DT_CREATED,CREATE_DT
APPROVED_BY,APPRV_BY
DT_APPROVED,APPRV_DT
APPROVED_RSN,APPRV_RSN
MT_CUR_CD,CURR_CD
ID,AUTH_PSON_ID_NO
CIF_ID,CIF_ID
NM,AUTH_NM
MT_CIF_ID_TYP_CD,CIF_ID_TP_CD
ADDR_LINE_1,ADDR_LINE_1
ADDR_LINE_2,ADDR_LINE_2
ADDR_LINE_3,ADDR_LINE_3
ADDR_LINE_4,ADDR_LINE_4
MT_CITY_CD,CIF_CITY_DESC
MT_SUB_STATE_CD,SUB_STATE_CD
MT_STATE_CD,CIF_STATE_CD_DESC
MT_CTRY_CD,COUNTRY_CD
POSTCD,POST_CD
MOBILE_NO,MOBILE_NO
CONTACT_NO,CNTCT_NO
AUTHORISATION_LETTER_NO,AUTH_LETTER_NO
AUTHORISATION_LETTER_DT,AUTH_LETTER_DT
CREATED_BY,CREATE_USR
UPDATED_BY,UPDT_USR
DT_CREATED,CREATE_DT
DT_UPDATED,UPDT_DT
ACCT_ID,ACCT_ID
REFERRAL_ACCT_ID,REF_ACCT_ID
ID,REF_ID
CIF_ID,CIF_ID
MT_REFERRAL_TYP_CD,REF_TP_CD
MT_REFERRAL_CD,REF_CD
NM,REF_ACCT_NM
EMPLOYEE_ID,EMP_ID
CONTACT_PERSON,CNTCT_PSON
TEL_NO,PHONE_NO
MT_DIVISION_CD,DIV_CD
CIF_ID,CIF_ID
ID,ACCT_RQST_ID
HOST_CIF_NO,PERS_ID
ACCT_NO,ACCT_NO
NM,ACCT_NM
ADDR_LINE_1,ADDR_LINE_1
ADDR_LINE_2,ADDR_LINE_2
ADDR_LINE_3,ADDR_LINE_3
MT_CITY_CD,CIF_CITY_DESC
MT_SUB_STATE_CD,SUB_STATE_CD
MT_STATE_CD,CIF_STATE_CD_DESC
MT_CTRY_CD,COUNTRY_CD
POSTCD,POST_CD
MT_STS_CD,ACCT_ST_CD
DT_PROCESSED,PROC_DT
CREATED_BY,CREATE_USR
APPROVED_BY,APPRV_USR
DT_CREATED ,CREATE_DT
DT_APPROVED,APPRV_DT
IS_APPROVED,APPRV_FG
MT_CUR_CD,CURR_CD
APPROVED_RSN,APPRV_RSN
MT_APP_CD,APPL_CD
HOST_CIF_NO,CIF_NO
CREATED_BY,CREATE_USR
UPDATED_BY,UPDT_USR
DT_CREATED,CREATE_DT
DT_UPDATED,UPDT_DT
CIF_ID,CIF_ID
ID,CIF_REMV_ID
AUDIT_GRP_ID,AUDIT_GRP_ID
DT_CREATED,CREATE_DT
CREATED_BY,CREATE_USR
DT_VERIFIED,VRFY_DT
VERIFIED_BY,VRFY_BY
REMARK,CIF_REMV_REM
MT_STS_CD,ST_CD
MT_HOST_SYS_CD,PERS_ID
ID,CIF_COLL_ID
HOST_CIF_NO,CIF_NO
MT_HOST_SYS_CD,HOST_SYS_CD
MT_COLLECT_RATING_CD,COLL_RTNG_CD
MT_HOST_SYS_CD,PERS_ID
ID,CIF_KYC_ID
HOST_CIF_NO,CIF_NO
HIGHEST_MTH_TRX_OUT_AMT,HIGH_MNTHLY_TX_OUT_AMT
HIGHEST_MTH_TRX_IN,HIGH_MNTHLY_TX_IN_CNT
HIGHEST_MTH_TRX_OUT,HIGH_MNTHLY_TX_OUT_CNT
DT_DOWNLOAD,DN_DT
DT_AS_AT,AS_DT
MT_HOST_SYS_CD,HOST_SYS_CD
MT_HOST_SYS_CD,PERS_ID
ID,CIF_HOST_INFO_ID
MT_HOST_SYS_CD,HOST_SYS_CD
HOST_CIF_NO,CIF_NO
REF_NO,HOST_REF_NO
CDT_SCORE,CR_SCORE_INFO
OFFICER1,OFFICER_1
OFFICER2,OFFICER_2
ANNUAL_NET_INC,ANUL_NET_INC
MT_STOCKHOLDER_CD,STOCK_HOLD_CD
MT_MAILING_CD,MAIL_CD
DT_ACCT_OPENED,ACCT_OPEN_DT
DT_LAST_CONTACTED,LST_CNTCT_DT
MT_DELETE_CD,DEL_CD
MT_STATUS_CD,HOST_ST_CD
DT_LAST_NA_CHANGED,LST_CHG_DT
DT_LAST_MAINTAINED,LST_MAINT_DT
DT_CREATED,CREATE_DT
CREDIT_LINE,CR_LINE
AVAIL_CREDIT,AVAIL_CR
CASH_LINE,CASH_LINE
MT_BLACKLIST_SRC_CD,BLACK_SORC_CD
REMARK,BLACK_REM
CREATED_BY,CREATE_USR
UPDATED_BY,UPDT_USR
DT_CREATED,CREATE_DT
DT_UPDATED,UPDT_DT
MT_BLACKLIST_STS,BLACK_ST
MOTHER_MAIDEN_NM,MOTHER_MAIDEN_NM
TEL_NO,PHONE_NO
COMPANY_NM,COM_NM
NATIONALITY_MT_CTRY_CD,NAT_COUNTRY_CD
DT_REGISTERED_RANGE,REG_RNG_DT
IS_DT_REGISTERED_RANGE,REG_RNG_FG
ID,OFAC_ID
NM,OFAC_NM
DT_AS_AT,AS_DT
DT_DOWNLOAD,DN_DT
ID,DRAW_INFO_ID
ACCT_NO,ACCT_NO
HOST_CIF_NO,CIF_NO
MT_CUR_CD,CURR_CD
START_NO,STRT_NO
END_NO,END_NO
PROD_CAT,PRD_CTG
PROGRAM_NM,PROG_NM
DT_AS_AT,AS_DT
DT_DOWNLOAD,DN_DT
CIF_ID,CIF_ID
MERCHANT_NO,MER_NO
CREATED_BY,CREATE_USR
DT_CREATED,CREATE_DT
DT_AS_AT,AS_DT
DT_DOWNLOAD,DN_DT
MT_BANK_CD,BNK_CD
MT_CUR_CD,CURR_CD
ACCT_NO,ACCT_NO
ID,MER_INFO_ID
ID,MER_PYMT_ID
CIF_ID,CIF_ID
MERCHANT_NO,MER_NO
ORIGINAL_BATCH_NO,ORG_BAT_NO
GENERATED_BATCH_NO,GEN_BAT_NO
TRX_DT,TX_DT
NET_AMT,NET_AMT
DT_AS_AT,AS_DT
DT_DOWNLOAD,DN_DT
GROSS_AMT,GRO_AMT
DT_PAYMENT,PYMT_DT
CIF_ID,CIF_ID
ID,CIF_ID
ID,CIF_INFO_ID
ID,CIF_INFO_ID
MT_CIF_ID_TYP_CD,CIF_ID_TP_CD
MT_CIF_ID_TYP_CD,CIF_ID_TP_CD
NO,CIF_NO_INFO
NO,CIF_NO_INFO
ISSUING_MT_CTRY_CD,ISSU_COUNTRY_CD
ISSUING_MT_CTRY_CD,ISSU_COUNTRY_CD
DT_ISSUED,ISSU_DT
DT_ISSUE,ISSU_DT
DT_EXPIRY,EXPR_DT
DT_EXPIRY,EXPR_DT
IS_PRIMARY,PRIM_FG
IS_PRIMARY,PRIM_FG
CREATED_BY,CREATE_USR
CREATED_BY,CREATE_USR
UPDATED_BY,UPDT_USR
UPDATED_BY,UPDT_USR
DT_CREATED,CREATE_DT
DT_CREATED,CREATE_DT
DT_UPDATED,UPDT_DT
DT_UPDATED,UPDT_DT
IS_LIFETIME_EXPIRY,LF_TM_EXPR_FG
MT_CTRY_CD,COUNTRY_CD
ADDN_NO         ,AD_NO_INFO
NO,GCIF_NO
NO,GCIF_NO
CIF_ID,CIF_ID
ID,CIF_NOTE_ID
TITLE,NOTE_TITLE
IS_PERMANENT,PERM_FG
DT_EXPIRY,EXPR_DT
REMARK,NOTE_REM
CREATED_BY,CREATE_USR
UPDATED_BY,UPDT_USR
DT_CREATED,CREATE_DT
DT_UPDATED,UPDT_DT
ID,CIF_ID
CIF_ID,OTHR_BK_ID
MT_FIN_INSTTN_CD,FI_INST_NM
MT_FAC_TYP_CD,FCLT_TP_CD_DESC
MT_INSTRU_TYP_CD,INSTR_TP_CD
MT_ACCT_CAT_CD,ACCT_CTG_CD
MT_CUR_CD,CURR_CD
BR_NM,BR_NM
ACCT_NO,ACCT_NO
PRC_DET,PRICING_DTL
LMT_AMT,LIMIT_AMT
OUTSTD_AMT,OUTSTD_AMT
CLEAN_AMT,CLN_AMT
OVERDUE_AMT,OVERDU_AMT
MTH_INSTALL_AMT,MNTHLY_INST_AMT
DT_INSTALL_START,INST_STRT_DT
DT_INSTALL_END,INST_END_DT
INSTALL_PAID,INST_PAID
REPYMT_PATTERN,RPAY_PAT
STS,OTHR_BK_ST_INFO
MT_ACCT_STS_CD,ACCT_ST_CD
MT_ACCT_CONDUCT_CD,ACCT_CNDT_CD
DT_OPENED,OPEN_DT
BAL_AMT,BAL_AMT
HIGHEST_BAL_AMT,HIGH_BAL_AMT
DT_AS_AT,AS_DT
DT_AS_AT,INSTR_PURCHASE_DT
DT_AS_AT,INSTR_EXPR_DT
COLL_DSCP,OTHR_COL_DESC
COLL_VALUE,COL_VALUE
INSTRU_DSCP,INSTR_DESC
MEMBER_SINCE,MEM_SINCE_DT
CASH_ADV,CASH_ADV_AMT
AVAILABLE_CASH_ADV,AVAIL_CASH
NO_DUE_X_DAYS,DUE_X_DAYS
NO_DUE_30_DAYS,DUE_30_DAYS
NO_DUE_60_DAYS,DUE_60_DAYS
NO_DUE_90_DAYS,DUE_90_DAYS
NO_DUE_120_DAYS,DUE_120_DAYS
NO_DUE_150_DAYS,DUE_150_DAYS
NO_DUE_180_DAYS,DUE_180_DAYS
NO_DUE_210_DAYS,DUE_210_DAYS
SELLING_AGENT,SELL_AGNT
ENDING_BAL,END_BAL
SUM_INSURED,SUM_INSR
TITLE,OTHR_TITLE
OWNER_NM,OWNER_NM
PURPOSE,OTHR_PURPOSE
REMARK,OTHR_REM
ENDING_QTTY,END_QUNT_AMT
NAV_PER_UNIT,NAV_PER_UNIT_AMT
CREATED_BY,CREATE_USR
UPDATED_BY,UPDT_USR
DT_CREATED,CREATE_DT
DT_UPDATED,UPDT_DT
MT_ACCT_COLLECT_CD   ,ACCT_COLL_CD
CIF_ID,CIF_ID
ID,CIF_OBG_ID
MT_OBLIGOR_CD,CIF_OBG_CD
CIF_ID_1,CIF_ID
ID,CIF_REL_ID
CIF_ID_2,CIF_ID_2
DSCP,CIF_REL_DESC
MT_CIF_REL_CD,CIF_REL_CD
EQUITY,EQUITY
EQUITY_VALUE,EQUITY_VALUE
NO_SHARES,SHARE_NO
IS_INVOLVED_MGMT,INVLV_MGMT_FG
MGMT_MT_POS_HELD_CD,MGMT_POSITION_HOLD_CD
OTHER_MGMT_POS_HELD_CD,OTHR_MGMT_POSITION_HOLD_DESC
MGMT_EXPERIENCE,MGMT_EXPRI
DIRECTORATE,DIRECTOR
DT_IN_COMP_SINCE,COM_SINCE_DT
DT_IN_BIZ_LINE_SINCE,BZ_LINE_SINCE_DT
MT_CIF_CHARACTER_CD,CIF_CHAR_CD
IS_PRIMARY_CONTACT,PRIM_CNTCT_FG
DT_FIRST_CONTACT,FST_CNTCT_DT
DT_SIGN_AUTHORISED,SIGN_AUTH_DT
DT_INCLUDED_IN_BLACKLIST,INCL_IN_BLACK_DT
REMARK,REL_REM
DT_TENANCY_EXPIRY,EXPR_MAINT_DT
MAILING_NAME_LINE_1,MAIL_NM_LINE_1
MAILING_NAME_LINE_2,MAIL_NM_LINE_2
TOWN,TOWN
CITY,CITY
KELURAHAN,DSRCT
KECAMATAN,CIF_SUB_DSRCT
NO,GCIF_NO
REF_ID,GCIF_NO
CREATED_BY,CREATE_USR
CREATED_BY,CREATE_USR
UPDATED_BY,UPDT_USR
UPDATED_BY,UPDT_USR
DT_CREATED,CREATE_DT
DT_CREATED,CREATE_DT
DT_UPDATED,UPDT_DT
DT_UPDATED,UPDT_DT
CIF_ID,CIF_ID
MT_CIF_CONTACT_TYP,CIF_CNTCT_TP
ID,CIF_CNTCT_ID
NM,CNTCT_NM
MT_SALUTATION_CD,SALTN_CD_DESC
MT_DESIGNATION_CD,DESG_CD
MT_CIF_REL_CD,CIF_REL_CD
TEL_NO,PHONE_NO
TEL_EXT_NO,PHONE_EXTND_NO
FAX_NO,FAX_NO
MOBILE_NO,MOBILE_NO
PAGER_NO,PAGER_NO
EMAIL,EMAIL
REMARK,CNTCT_REM
IS_PRIMARY,PRIM_FG
DT_FIRST_CONTACT,FST_CNTCT_DT
CREATED_BY,CREATE_USR
UPDATED_BY,UPDT_USR
DT_CREATED,CREATE_DT
DT_UPDATED,UPDT_DT
CIF_ID,CIF_ID
ID,CIF_ID
ID,CIF_EMPLOYER_ID
ID,CIF_EMPLOYER_ID
EMPLOYER_MT_CIF_CAT_CD,EMPLOYER_CIF_CTG_CD
MT_EMPLOYER_CD,EMPLOYER_CD
MT_EMPLOYER_CD,EMPLOYER_CD
EMPLOYER_NM,CIF_EMPLOYER_NM
EMPLOYER_NM,CIF_EMPLOYER_NM
EMPLOYER_REG_NO,EMPLOYER_REG_NO
EMPLOYER_REG_NO,EMPLOYER_REG_NO
MT_ECON_SECTOR_TYP_CD,ES_TP_CD
MT_ECON_SECTOR_CAT_CD,ES_CTG_CD
MT_ECON_SECTOR_CD,BII_ES_CD
MT_ECON_SECTOR_CD,BII_ES_CD
AVAIL_CASH,AVAIL_CASH
MEMBER_SINCE,MEM_SINCE
OVER_LIMIT,OVER_LIMIT_AMT
MEMO_LINES,MEMO_LINE
DT_BILING_STMT,BILL_STMG_DT
MT_GUARANTOR_TYP_CD,GRNTR_TP_CD
SURNAME,SURNM
CREATED_BY,CREATE_USR
STD_IND_CLASS_CAT,STD_INDS_CL_CTG
STD_IND_CLASS_CD,STD_INDS_CL_CD
RISK_PROFILE_CD,RISK_PROF
RISK_PROFILE_DSCP,RISK_PROF_DESC
CIF_ID,CIF_ID
MOTHER_MAIDEN_NM,MOTHER_MAIDEN_NM
IS_STAFF,STAFF_FG
MT_SALUTATION_CD,SALTN_CD_DESC
OTHER_MT_SALUTATION_DSCP,OTHR_SALTN_DESC
MT_TITLE_CD,TITLE_CD_DESC
MT_GENDER_CD,GENDER_CD
MT_RACE_CD,RACE_CD
MT_MARITAL_STS_CD,MARITAL_ST_CD
MT_RELIGION_CD,RL_CD
MT_EDU_LVL_CD,EDU_LEVEL_CD
MT_BLOOD_GRP_CD,BLOD_GRP_CD
MT_PROF_CD,PROF_CD
NO_OF_DEPENDENT_CHILD,NO_OF_DEPEND_CHILD
NO_OF_DEPENDENT_OTHER,NO_OF_DEPEND_OTHR
FAMILY_SIZE,FAM_SIZE
BIRTH_PLACE,BIRTH_PLACE
PASSPORT_NO,PASSPT_NO
PASSPORT_DT_ISSUED,PASSPT_ISSU_DT
PASSPORT_DT_EXPIRY,PASSPT_EXPR_DT
PASSPORT_ISSUED_MT_CTRY_CD,PASSPT_ISSU_COUNTRY_CD
DT_PROF_PRACTICE_PERMISSION,PROFS_PRTC_PERMS_DT
DRIVING_LICENCE_NO,LICENSE_NO_PRTC_PERMS
BIRTH_MT_SUB_STATE_CD,BIRTH_SUB_STATE_CD
BIRTH_MT_STATE_CD,BIRTH_STATE_CD
BIRTH_MT_CTRY_CD,BIRTH_COUNTRY_CD
IS_JOIN_INC,JOIN_INC_FG
MT_INC_EVIDENCE_CD,INC_EVDC_CD
IS_INC_EVIDENCE_PROVEN,INC_EVDC_PROV_FG
PROVEN_AMT,PROV_AMT
INC_MT_CUR_CD,INC_CURR_CD
EXCHG_RATE,EX_RT
GROSS_INC,GRO_INC
NET_INC,NET_INC
INITIAL_GROSS_INC,INIT_GRO_INC
INITIAL_NET_INC,INIT_NET_INC
ANNUAL_NET_MT_INC_RANGE_CD,ANUL_NET_INC_RNG_CD
ANNUAL_GROSS_MT_INC_RANGE_CD,ANUL_GRO_INC_RNG_CD
MT_NATIVE_RESI_CD,NATIVE_RSD_CD
CIF_ID,GCIF_NO
UPDATED_BY                ,UPDT_USR
DT_UPDATED                ,UPDT_DT
CIF_ID,CIF_ID
BRAND_NM,BRAND_NM
MT_CORP_SALUTATION_CD,COR_SALTN_CD
MT_CORP_TYP_CD,COR_TP_CD
MT_BIZ_CTRL_CD,BZ_CTL_CD
MT_BIZ_SCALE_CD,BZ_SCALE_CD
MT_INVESTMENT_TYP_CD,INVST_TP_CD
MT_CHG_SHHDL_CD,CHG_SHARE_HOLD_CD
MT_TAX_PAY_CD,TAX_PAY_CD
MT_ECON_SECTOR_TYP_CD,ES_TP_CD
MT_ECON_SECTOR_CAT_CD,ES_CTG_CD
MT_ECON_SECTOR_CD,INDS_ES_CD
MT_IND_GRP_CD,INDS_GRP_CD
MT_IND_BANK_CD,INDS_BNK_CD
MT_BIZ_CD,BZ_CL
OTHER_BIZ_DSCP,OTHR_BZ_DESC
MT_BIZ_SEG_CD,BZ_SGMT_CD
MT_BIZ_LINE_CD,BZ_LINE_CD
MT_CIF_CTPTY_CD,CIF_CPRTY_CD
MT_STATE_OPRTN_CD,STATE_OP_CD
CORE_BIZ,CORE_BZ
FIN_YR_END,FI_YR_END
DT_COMMENCE_TRADING,COMCE_TRADE_DT
DT_SOLD_AMC,SOLD_AMC_DT
NO_OF_BIZ_SITE,NO_OF_BZ_SITE
IND_EXP_IN_YRS,INDS_EXPRI_IN_YR
IND_QUALIFICATION,INDS_QUALIF
EMPLOYEE_CNT,EMP_CNT
IS_MNC,MULTI_NAT_FG
IS_SSL,SABAHSARAWAK_REG_FG
IS_PARI_PASU,PARIPASU_FG
IS_DEBENTURE_FAVORING_OTHER,DEB_FAV_OTHR_FG
IS_EXCEPTION_RPT,EXCEP_RPT_FG
IS_IND_WATCH_LIST,INDS_VRFY_LIST_FG
IS_CORE_BIZ_CHANGE,CORE_BZ_CHG_FG
CORE_BIZ_CHANGE_REMARK,CORE_BZ_CHG_REM
IS_LOSS_DISTRIBUTION_RIGHT,LOSS_DIST_RGT_FG
IS_FOREIGN_TRADE_RIGHT,FOR_TRADE_RGT_FG
IS_OFFICE_VISIT_REQ,OFF_VST_REQR_FG
DT_OFFICE_VISIT,OFF_VST_DT
PREV_BANKER_1,PREV_BNKER_1
PREV_BANKER_2,PREV_BNKER_2
CURR_BANKER_1,CURT_BNKER_1
CURR_BANKER_2,CURT_BNKER_2
MT_CUR_CD,CURR_CD
SHHDL_FUND,SHARE_HOLD_FND
PAID_UP_CAPITAL,PAID_UP_CAP
AUTH_CAPITAL,AUTH_CAP
CHANGED_CAPITAL_REMARK,CHG_CAP_REM
TOT_SHARE_ISSUED,TOT_SHARE_ISSU
MT_LISTED_CD,LIST_CD
COUNTER_CD,CNT_CD
COUNTER_SHORT_NM,CNT_SHORT_NM
DT_LISTED,LIST_DT
MKT_CAPITAL,MARKET_CAP
TOT_LIQUID_SHARE_ISSUED,TOT_LIQ_SHARE_ISSU
CAPITAL_RIGHT_ISSUED,CAP_RGT_ISSU
DT_CAPITAL_RIGHT_ISSUED,CAP_RGT_ISSU_DT
CAPITAL_BONUS_ISSUED,CAP_BN_ISSU
DT_CAPITAL_BONUS_ISSUED,CAP_BN_ISSU_DT
NET_TANGIBLE_ASSET_PER_SH,NET_INTANG_ASSETS_PER_SHARE
NET_OPRT_CASH_FLOW_PER_SH,NET__CASH_FLOW_PER_SHARE
NET_INCOME_FLOW_PER_SH,NET_INC_FLOW_PER_SHARE
IS_ST_SHARE,SHARE_FG
INVESTED_AMT,INVST_AMT
INCOME_FR_INVESTMENT_YR_1,INC_FROM_INVST_YR_1
INCOME_FR_INVESTMENT_YR_2,INC_FROM_INVST_YR_2
INCOME_FR_INVESTMENT_YR_3,INC_FROM_INVST_YR_3
DT_AS_AT,AS_DT
UPDATED_BY,UPDT_USR
DT_UPDATED,UPDT_DT
REF_ID,CIF_ID
NO,CIF_ID
MT_ADDR_TYP_CD,ADDR_TP_CD
MT_ADDR_TYP_CD,ADDR_TP_CD
ID,CIF_ADDR_ID
ID,CIF_ADDR_ID
DSCP,ADDR_DESC
IS_MAIL_ADDR,MAIL_ADDR_FG
IS_MAIL_ADDR,MAIL_ADDR_FG
IS_FOREIGN,FOR_FG
IS_FOREIGN,FOR_FG
MT_ADDR_FORMAT_CD,ADDR_FMT_CD
MT_ADDR_FORMAT_CD,ADDR_FMT_CD
MT_PRTY_TYP_CD,PROPT_TP_CD
MT_PRTY_TYP_CD,PROPT_TP_CD
ADDR_LINE_1,ADDR_LINE_1
ADDR_LINE_1,ADDR_LINE_1
ADDR_LINE_2,ADDR_LINE_2
ADDR_LINE_2,ADDR_LINE_2
ADDR_LINE_3,ADDR_LINE_3
ADDR_LINE_3,ADDR_LINE_3
ADDR_LINE_4,ADDR_LINE_4
ADDR_LINE_4,ADDR_LINE_4
ADDR_LINE_5,ADDR_LINE_5
ADDR_LINE_5,ADDR_LINE_5
ADDR_LINE_6,ADDR_LINE_6
ADDR_LINE_6,ADDR_LINE_6
ADDR_LINE_7,ADDR_LINE_7
ADDR_LINE_7,ADDR_LINE_7
ADDR_LINE_8,ADDR_LINE_8
ADDR_LINE_8,ADDR_LINE_8
ADDR_LINE_9,ADDR_LINE_9
ADDR_LINE_9,ADDR_LINE_9
ADDR_LINE_10,ADDR_LINE_10
ADDR_LINE_10,ADDR_LINE_10
MT_SUB_STATE_CD,SUB_STATE_CD
MT_SUB_STATE_CD,SUB_STATE_DESC
MT_CITY_CD,CIF_CITY_DESC
MT_STATE_CD,CIF_STATE_CD_DESC
MT_STATE_CD,CIF_STATE_CD_DESC
MT_CTRY_CD,COUNTRY_CD
MT_CTRY_CD,COUNTRY_CD
POSTCD,POST_CD
POSTCD,POST_CD
TEL_NO_1,PHONE_NO_1
TEL_NO_1,PHONE_NO_1
TEL_NO_2,PHONE_NO_2
TEL_NO_2,PHONE_NO_2
TEL_EXT_NO_1,PHONE_EXTND_NO_1
TEL_EXT_NO_1,PHONE_EXTND_NO_1
TEL_EXT_NO_2,PHONE_EXTND_NO_2
TEL_EXT_NO_2,PHONE_EXTND_NO_2
FAX_NO,FAX_NO
FAX_NO,FAX_NO
TELEX_NO,TELEX_NO
TELEX_NO,TELEX_NO
MT_RESIDENCE_TYP_CD,RSD_TP_CD
MT_RESIDENCE_TYP_CD,RSD_TP_CD
RENT_AMT,RENT_AMT
LANDLORD,LANDLD
DT_START_RESIDING,STRT_RES_DT
ACTIVE,ACTIVE_FG
ACTIVE,ACTIVE_FG
BRANCHID,BRCD
BRANCHID,BRCD
BRANCHID,BRCD
BRANCHID,BRCD
BRANCHID,BRCD
CUSTGROUPID,CUST_GROUP_ID
CUSTGROUPID,CUST_GROUP_ID
CUSTGROUPID,CUST_GROUP_ID
CUSTGROUPID,CUST_GROUP_ID
CUSTGROUPID,CUST_GROUP_ID
CUSTADDR,CUST_ADDR
CUSTADDR,CUST_ADDR
CUSTADDR,CUST_ADDR
CUSTADDR,CUST_ADDR
CUSTADDR,CUST_ADDR
CUSTADDR2,CUST_ADDR_2
CUSTADDR2,CUST_ADDR_2
CUSTADDR2,CUST_ADDR_2
CUSTADDR2,CUST_ADDR_2
CUSTADDR2,CUST_ADDR_2
KELURAHANNAME,SUB_DISTRICT_NM
CUSTKEL,SUB_DISTRICT_NM
CUSTKEL,SUB_DISTRICT_NM
CUSTKEL,SUB_DISTRICT_NM
CUSTKEL,SUB_DISTRICT_NM
KECAMATANNAME,DISTRICT_NM
CUSTKEC,DISTRICT_NM
CUSTKEC,DISTRICT_NM
CUSTKEC,DISTRICT_NM
CUSTKEC,DISTRICT_NM
KABUPATENNAME,SUB_PROVINCE_NM
CUSTKAB,SUB_PROVINCE_NM
CUSTKAB,SUB_PROVINCE_NM
CUSTKAB,SUB_PROVINCE_NM
CUSTKAB,SUB_PROVINCE_NM
PROVINCENAME,PROVINCE_NM
CUSTPROP,PROVINCE_NM
CUSTPROP,PROVINCE_NM
CUSTPROP,PROVINCE_NM
CUSTPROP,PROVINCE_NM
CUSTZIP,CUST_ZIP
CUSTZIP,CUST_ZIP
CUSTZIP,CUST_ZIP
CUSTZIP,CUST_ZIP
CUSTZIP,CUST_ZIP
CUSTDATIII,CUST_DATI_2
CUSTDATIII,CUST_DATI_2
CUSTDATIII,CUST_DATI_2
CUSTDATIII,CUST_DATI_2
CUSTDATIII,CUST_DATI_2
PHONEAREACODE,PHONE_AREA_CD
PHONEAREACODE,PHONE_AREA_CD
PHONEAREACODE,PHONE_AREA_CD
PHONEAREACODE,PHONE_AREA_CD
PHONEAREACODE,PHONE_AREA_CD
PHONENUMBER,PHONE_NO
PHONENUMBER,PHONE_NO
PHONENUMBER,PHONE_NO
PHONENUMBER,PHONE_NO
PHONENUMBER,PHONE_NO
IDNUMBER,ID_NO
IDNUMBER,ID_NO
IDNUMBER,ID_NO
IDNUMBER,ID_NO
IDNUMBER,ID_NO
EMAILADR,EMAIL_ADDR
EMAILADR,EMAIL_ADDR
EMAILADR,EMAIL_ADDR
EMAILADR,EMAIL_ADDR
EMAILADR,EMAIL_ADDR
FAXAREACODE,FAX_AREA_CD
FAXAREACODE,FAX_AREA_CD
FAXAREACODE,FAX_AREA_CD
FAXAREACODE,FAX_AREA_CD
FAXAREACODE,FAX_AREA_CD
FAXNUMBER,FAX_NO
FAXNUMBER,FAX_NO
FAXNUMBER,FAX_NO
FAXNUMBER,FAX_NO
FAXNUMBER,FAX_NO
REKBCACAB,CUST_BR_ACCT_NO
REKBCACAB,CUST_BR_ACCT_NO
REKBCACAB,CUST_BR_ACCT_NO
REKBCACAB,CUST_BR_ACCT_NO
REKBCACAB,CUST_BR_ACCT_NO
NOREKBCA,CUST_ACCT_NO
NOREKBCA,CUST_ACCT_NO
NOREKBCA,CUST_ACCT_NO
NOREKBCA,CUST_ACCT_NO
NOREKBCA,CUST_ACCT_NO
BANKLAIN,BK_OTHR
BANKLAIN,BK_OTHR
EDUCATION,ORG_EDU
RELIGION,RELIGION
RELIGION,ORG_RELIGION
ISEMPLOYEE,IS_EMP
EMPNIP,EMP_ID
JOBID,JOB_ID
CONAME,COM_NM
COYEAR,COM_YEAR
CUSTJOBADDR,CUST_JOB_ADDR
CUSTJOBKAB,CUST_JOB_SUBPROVINCE
CUSTJOBZIP,CUST_JOB_ZIP
COPHONEAREACODE,COM_PHONE_AREA_CD
COPHONE,COM_PHONE_NO
COPHONEEXT,COM_PHONE_EXT
COFAXAREACODE,COM_FAX_AREA_CD
COFAXNUMBER,COM_FAX_NO
COUSAHA,COM_BZ_TP
JABATAN,POSITION
ADANPWP,NPWP_FG
ADACRCARD,CARD_FG
CRCARDNO,CARD_NO
GROSSINCOME,GRO_INC
SPOUSEINCOME,SPOUSE_INC
FINANCIALDATAINCOME,FI_DATA_INC
RATAPENGKARTUKREDIT,CARD_USAGE_AVG
HPPREFIX1,HP_PREFIX1
HPNUMBER1,HP_NO1
HPPREFIX2,HP_PREFIX2
HPNUMBER2,HP_NO2
COPHONEAREACODE2,COM_PHONE_AREA_CD_2
COPHONE2,COM_PHONE_NO_2
COPHONEEXT2,COM_PHONE_EXT_2
COPHONEAREACODE3,COM_PHONE_AREA_CD_3
COPHONE3,COM_PHONE_NO_3
COPHONEEXT3,COM_PHONE_EXT_3
COFAXAREACODE2,COM_FAX_AREA_CD_2
COFAXNUMBER2,COM_FAX_NO_2
LASTUPDATE,LST_UPDT
HOUSEOWNER,HOUSE_OWNER
NATIONALITY,NATLY
LANGUAGE,LAGAGE
LENGTHOFEMP,EMP_LEN
OFFICEPHONE,OFF_PHONE
OTHERINCOME,OTHR_INC
CUSTID,CUST_ID
IDTYPE,ID_TP
IDTYPE,ORG_ID_TP
IDNUMBER,ID_NO
NO,GCIF_NO
MT_VIP_INFO_CAT_CD,VIP_CTG_CD
DSCP,VIP_CTG_DESC
MT_VIP_INFO_OPTION_CD,VIP_OPT_CD
DSCP,VIP_OPT_DESC
OTHER_VIP_INFO_OPTION_DSCP,VIP_OPT_OTHR
ID,RPT_ID
CIF_ID,CIF_ID
NO,GCIF_NO
MT_ACCESS_ACTION_CD,USR_TX_CD
MAINTAINED_BY,USER_ID
USER_MT_BR_CD,BR_CD
REMOTE_IP,REMOTE_IP
MT_CHANNEL_CD,CHANNEL_CD
SC_CYCLE_MONTH,SERV_CHRG_CYC_MON
SC_CYCLE_DAY,SERV_CHRG_CYC_DAY
SC_CHECK_CHG_CODE,SERV_CHRG_CHECK_CHRG_CD
SC_CHECK_CHG_LMT,SERV_CHRG_CHACK_LIMIT
SC_CHECK_CHG_AMT,SERV_CHRG_CHECK_AMT
DAU_MIN_AMT,MIN_DAU_AMT
DAU_MAX_CHG,MAX_DAU_CHRG_AMT
MIN_DDA_BAL_TO_MAINTAIN,MIN_DDA_BAL_1
CUST_AVAIL_CODE,DAU_CUST_FND_CD
CUST_AVAIL_CHARGE,DAU_CHRG_AMT
DAU_WAIVE,DAU_FEE_WAIVE_FG
ST_PULL_CODE,STMT_PULL_CD
ST_SUPP_CODE,STMT_SUPP_CD
ST_CYCLE,STMT_CYC_CD
ST_MESSAGE,STMT_MSG_FG
ST_FULL_SHEET,STMT_FULL_SHEET_PRNT
ST_FORMAT,STMT_FMT_IDCT
ST_SPECIAL_HANDLING,SPEC_HANDL_CD
ST_NUM_STMTS,STMT_ACCT_NO
COMBINED_STMT_ACCT,CMBND_STMT_ACCT_FG
COMB_STMT_SEP_FILE,SEP_CMBND_FILE_FG
MMDA_INDICATOR,MMDA_FG
IOD_MAX_HIFI_TRANS,MMA_MAX_TX_NO
DORMANT_OPT1,DORM_OPT_1
DORMANT_DAYS1,DORM_DAYS1
HIFI_DORMANT_OPT,MMDA_DORM_OPT
HIFI_DORMANT_DAYS,MMDA_DORM_OPT_DAYS
INACTIVE_OPT,INACTIVE_OPT
INACTIVE_DAYS,INACTIVE_OPT_DAYS
PURGE_OPT,PURGE_OPT
PURGE_DAYS,PGRGE_DAYS
USER_FLD1,USR_FLD_1
USER_FLD2,USR_FLD_2
DT_AS_AT,AS_DT
DT_INSTRU_PURCHASED,INSTR_PURCHASE_DT
INSTRU_DSCP,INSTR_DESC
MEMBER_SINCE,MEM_SINCE_DT
CASH_ADV,CASH_ADV_AMT
NO_DUE_X_DAYS,DUE_X_DAYS
NO_DUE_30_DAYS,DUE_30_DAYS
NO_DUE_60_DAYS,DUE_60_DAYS
NO_DUE_90_DAYS,DUE_90_DAYS
NO_DUE_120_DAYS,DUE_120_DAYS
NO_DUE_150_DAYS,DUE_150_DAYS
NO_DUE_180_DAYS,DUE_180_DAYS
NO_DUE_210_DAYS,DUE_210_DAYS
MT_FAC_TYP_CD,FCLT_TP_CD_DESC
TENURE_MT_TIME_CD,TNUR_TM_CD
TENURE,TNUR_CNT
TOT_COLL_SECURED_VALUE,TOT_COL_SECURED_VALUE
TOT_COLL_VALUE,TOT_COL_VALUE
MT_COL_TYP_CD,COL_TP_CD
COLL_DET,COL_DTL_DESC
COLLECTABILITY,COLL_DESC
MT_ACCT_COLLECT_CD,ACCT_COLL_CD
AVG_NO_OF_RETURN_CHQ,AVG_RTN_CHKING_NO
NO_OF_TIME_EXCEEDED_LIMIT,TM_EXCD_LIMIT_NO
PURPOSE_OF_LOAN_DSCP,PURPOSE_OF_LN_DESC
RATE,RT
DOWN_PYMT,DOWN_PYMT_AMT
REPYMT_TYP_DSCP,RPAY_TP_DESC
REMARK,OTHR_REM
CREATED_BY,CREATE_USR
UPDATED_BY,UPDT_USR
DT_CREATED,CREATE_DT
DT_UPDATED,UPDT_DT
AVG_AMT,AVG_AMT
AVG_AVAILABLE_AMT,AVG_AVAIL_AMT
ID,CIF_CS_REL_ID
CS_APP_ID,CS_APPL_ID
CIF_ID_1,GCIF_NO_1
CIF_ID_2,GCIF_NO_2
MT_CIF_REL_CD,CIF_REL_CD
EQUITY,EQUITY
EQUITY_VALUE,EQUITY_VALUE
NO_SHARES,SHARE_NO
IS_INVOLVED_MGMT,INVLV_MGMT_FG
MGMT_MT_POS_HELD_CD,MGMT_POSITION_HOLD_CD
OTHER_MGMT_POS_HELD_DSCP,OTHR_MGMT_POSITION_HOLD_DESC
MGMT_EXPERIENCE,MGMT_EXPRI
DT_IN_COMP_SINCE,COM_SINCE_DT
DT_IN_BIZ_LINE_SINCE,BZ_LINE_SINCE_DT
MT_CIF_CHARACTER_CD,CIF_CHAR_CD
IS_PRIMARY_CONTACT,PRIM_CNTCT_FG
DT_FIRST_CONTACT,FST_CNTCT_DT
DT_SIGN_AUTHORISED,SIGN_AUTH_DT
REMARK,INCL_IN_BLACK_DT
CREATED_BY,CREATE_USR
UPDATED_BY,UPDT_USR
DT_CREATED,CREATE_DT
DT_UPDATED,UPDT_DT
BANKLAIN,BK_OTHR
ID,ID
CS_CIF_ID,CS_CIF_ID
CIF_FIN_ID,CIF_FIN_ID
IS_USED_ADJUSTED_VALUE,USE_ADJ_VALUE_FG
MT_RATING_TYP_CD,RTNG_TP_CD
MT_RATING_AGENCY_CD,RTNG_AGNCY_CD
MT_RISK_RATING_CD,RISK_RTNG_CD
MSG,MSG
RATING_CNT,RTNG_CNT
RATING,RTNG
APPR_RATING,APPRV_RTNG
APPR_JUSTIFICATION,APPRV_JUSTFC
DT_RATED,RTNG_DT
IS_MANUAL,MAN_FG
MANUAL_MT_RSN_CD,MAN_RSN_CD
CE_RST_ID,CE_RST_ID
REMARK,REM
IS_INCOMPLETED,INCOMPLETED_FG
INCOMPLETED_MT_RSN_CD,INCOMPLETED_RSN_CD
CREATED_BY,CREATE_BY
TRIGGER_BY,TRGR_BY
UPDATED_BY,UPDT_BY
VERIFIED_BY,VRFY_BY
APPROVED_BY,APPRV_BY
DT_CREATED,CREATE_DT
DT_TRIGGER,TRGR_DT
DT_UPDATED,UPDT_DT
DT_VERIFIED,VRFY_DT
DT_APPROVED,APPRV_DT
TRXN_ID,TX_ID
VERSION,VER
ACCT_NO,ATM_CARD_NO
ACCT_NO,ATM_CARD_NO
ACCT_NO,ATM_CARD_NO
ACCT_NO,ATM_CARD_NO
ACCT_NO,ATM_CARD_NO
ACCT_NO,ATM_CARD_NO
ACCT_NO,ATM_CARD_NO
ACCT_NO,ATM_CARD_NO
ACCT_KEY_01,ACCT_NO
ACCT_KEY_02_01,ACCT_NO
ACCT_KEY_03,ACCT_NO
ACCT_KEY_04,ACCT_NO
ACCT_KEY_05,ACCT_NO
ACCT_KEY_06,ACCT_NO
ACCT_KEY_07,ACCT_NO
ACCT_KEY_08,ACCT_NO
ATM_CARD_NO,ATM_CARD_NO
ACCT_NO,ACCT_NO
NO,GCIF_NO
NO,CIF_NO
CHECK_BAK_VALUE_DAYS,CHECK_BAK_VALUE_DAYS
OVRIDE_BAK_VALUE_DAYS,OVRIDE_BAK_VALUE_DAYS
BR_CD,IN_ORGAZ_ID
BR_CD,BR_CD
BR_PROC_ST,BR_PROC_ST
BR_PROC_DT1,BR_PROC_DT1
PREV_BR_PROC_DT1,PREV_BR_PROC_DT1
LST_MAINT_DT,LST_MAINT_DT
PREV_MON_END_DT1,PREV_MON_END_DT1
BR_PROC_DT2,BR_PROC_DT2
PREV_BR_PROC_DT2,PREV_BR_PROC_DT2
PREV_MON_END_DT2,PREV_MON_END_DT2
MON_END_DAY,MON_END_DAY
YR_END_MON,YR_END_MON
MON_END_DT,MON_END_DT
YR_END_DT,YR_END_DT
NEXT_BR_PROC_DT,NEXT_BR_PROC_DT
PREV_PREV_BR_PROC_DT,PREV_PREV_BR_PROC_DT
NEXT_MON_END_DT,NEXT_MON_END_DT
PREV_YR_END_DT,PREV_YR_END_DT
NEXT_YR_END_DT,NEXT_YR_END_DT
IN_ORGAZ_ID,IN_ORGAZ_ID
PROG,PROG
OP_INFO,OP_INFO
BR_CD,BR_CD
CHECK_RT_TOL,CHECK_RT_TOL
CHECK_TRADE_LIMIT,CHECK_TRADE_LIMIT
CHECK_CUST_CR_LIMIT,CHECK_CUST_CR_LIMIT
CHECK_DEAL_SUBST,CHECK_DEAL_SUBST
CHECK_POSITION_LIMIT,CHECK_POSITION_LIMIT
LIMIT_CURR,LIMIT_CURR
TRADE_LIMIT,TRADE_LIMIT
OVRIDE_RT_TOL,OVRIDE_RT_TOL
OVRIDE_TRADE_LIMIT,OVRIDE_TRADE_LIMIT
OVRIDE_CUST_CR,OVRIDE_CUST_CR
OVRIDE_DEAL_SUBST_LIMIT,OVRIDE_DEAL_SUBST_LIMIT
OVRIDE_POSITION_LIMIT,OVRIDE_POSITION_LIMIT
LST_MAINT_DT,LST_MAINT_DT
CHECK_OVERALL_TRADE_LOSS_LIMIT,CHECK_OVERALL_TRADE_LOSS_LIMIT
CHECK_TRADE_POTFOL_LOSS_LIMIT,CHECK_TRADE_POTFOL_LOSS_LIMIT
CHECKTRADCCYPLOSSLI,CHECKTRADCCYPLOSSLI
CHECKLIM1,CHECKLIM1
CHECKLIM2,CHECKLIM2
OVERALL_TRADE_LOSS_LIMIT,OVERALL_TRADE_LOSS_LIMIT
TRADE_POTFOL_LOSS_LIMIT,TRADE_POTFOL_LOSS_LIMIT
OVERTRADCCYPLOSSLIM,OVERTRADCCYPLOSSLIM
OVERLIM1,OVERLIM1
OVERLIM2,OVERLIM2
BAK_VALUE_DAYS,BAK_VALUE_DAYS
CHECK_BAK_VALUE_DAYS,CHECK_BAK_VALUE_DAYS
OVRIDE_BAK_VALUE_DAYS,OVRIDE_BAK_VALUE_DAYS
IN_ORGAZ_ID,IN_ORGAZ_ID
BR_CD,BR_CD
BR_PROC_ST,BR_PROC_ST
BR_PROC_DT1,BR_PROC_DT1
DATA_CENTER_CD,DATA_CNTR_CD_A
DC_LENGTH,DATA_CNTR_LEN
DATA_CENTER,DATA_CNTR
SET_UP_FLAG,DATA_CNTR_CD_B
CR_LMT_POINTER,CR_LIMIT_POINTR
CR_LMT_AMT,CR_LIMIT_AMT
LOAN_INCREMENT,LN_INCR
FIXED_PYMT_CODE,FIX_PAYMENT_CD
FIXED_PYMT_AMT,FIX_PAYMENT_AMT
PYMT_TYPE,PAYMENT_TP
CALC_PHASE,CALC_PHASE
CALC_CODE,CALC_CD
CALC_DAY,CALC_DAYS
DUE_CODE,DUE_CD
DUE_DAYS,DUE_TP
AUTO_PAYMENT,AUTH_PAYMENT
PDUE_NTC_DAYS,PASTDU_NTC_DAYS
HOME_EQUITY_CODE,HOME_EQUITY_CD
COMPT_CALL_CODE,CALL_CD
PARTIAL_PYMT_FLAG,PRT_PAYMENT_FG
PARTIAL_PYMT_MIN,MIN_PAYMENT_AMT
PAST_DUE_DAYS,PASTDU_DAYS
PAST_DUE_POST_PRI,POST_PRTY_PASTDU
CMA_CREDIT_LINE_PERCENT,CMA_PERT
CREDIT_REVIEW_FREQ,CR_REVW_FREQ
AUTO_OVER_LIMIT_1INCR,OVER_LN_LIMIT_INCR
LOAN_TYPE,USR_LN_TP
INT_PTR,INT_POINTR
INT_RATE,INT_RT
MAX_LOAN_INT,MAX_LN_INT
SR_POINTER,ST_POINTR
SR_INDICATOR,ST_IDCT
SR_RATE_1,SR_RT_1
SR_LIMIT_1,SR_LIMIT_1
SR_RATE_2,SR_RT_2
SR_LIMIT_2,SR_LIMIT_2
CS_CIF_ID,CIF_CS_ID
MOTHER_MAIDEN_NM,MOTHER_MAIDEN_NM
IS_STAFF,STAFF_FG
PASSPORT_NO,PASSPT_NO
PASSPORT_DT_ISSUED,PASSPT_ISSU_DT
PASSPORT_DT_EXPIRY,PASSPT_EXPR_DT
PASSPORT_ISSUED_MT_CTRY_CD,PASSPT_ISSU_COUNTRY_CD
MT_SALUTATION_CD,SALTN_CD_DESC
MT_TITLE_CD,TITLE_CD
MT_GENDER_CD,GENDER_CD
MT_RACE_CD,RACE_CD
MT_MARITAL_STS_CD,MARITAL_ST_CD
MT_RELIGION_CD,RL_CD
MT_EDU_LVL_CD,EDU_LEVEL_CD
MT_BLOOD_GRP_CD,BLOD_GRP_CD
MT_PROF_CD,PROF_CD
DT_PROF_PRACTICE_PERMISSION,PROFS_PRTC_PERMS_DT
LIC_NO_PRACTICE_PERMISSION,LICENSE_NO_PRTC_PERMS
DRIVING_LICENCE_NO,LICENSE_NO
NO_OF_DEPENDENT_CHILD,DEPEND_CHILD_NO
NO_OF_DEPENDENT_OTHER,DEPEND_OTHR_NO
FAMILY_SIZE,FAM_SIZE
BIRTH_PLACE,BIRTH_PLACE
BIRTH_MT_SUB_STATE_CD,BIRTH_SUB_STATE_CD
BIRTH_MT_STATE_CD,BIRTH_STATE_CD
BIRTH_MT_CTRY_CD,BIRTH_COUNTRY_CD
IS_JOIN_INC,JOIN_INC_FG
MT_INC_EVIDENCE_CD,INC_EVDC_CD
IS_INC_EVIDENCE_PROVEN,INC_EVDC_PROV_FG
PROVEN_AMT,PROV_AMT
INC_MT_CUR_CD,INC_CURR_CD
EXCHG_RATE,EX_RT
GROSS_INC,GRO_INC
NET_INC,NET_INC
INITIAL_GROSS_INC,INIT_GRO_INC
INITIAL_NET_INC,INIT_NET_INC
ANNUAL_NET_MT_INC_RANGE_CD,ANUL_NET_INC_RNG_CD
ANNUAL_GROSS_MT_INC_RANGE_CD,ANUL_GRO_INC_RNG_CD
MT_NATIVE_RESI_CD,NATIVE_RSD_CD
MT_GOL_DEBITUR_CD,DEBT_CL_CD
CS_CIF_ID,CIF_CS_ID
ID,CIF_CS_ADDR_ID
IS_MAIL_ADDR,MAIL_ADDR_FG
IS_FOREIGN,FOR_FG
MAILING_NAME_LINE_1,MAIL_NM_LINE_1
MAILING_NAME_LINE_2,MAIL_NM_LINE_2
MT_ADDR_TYP_CD,ADDR_TP_CD
MT_ADDR_FORMAT_CD,ADDR_FMT_CD
MT_PRTY_TYP_CD,PROPT_TP_CD
ADDR_LINE_1,ADDR_LINE_1
ADDR_LINE_2,ADDR_LINE_2
ADDR_LINE_3,ADDR_LINE_3
ADDR_LINE_4,ADDR_LINE_4
ADDR_LINE_5,ADDR_LINE_5
ADDR_LINE_6,ADDR_LINE_6
ADDR_LINE_7,ADDR_LINE_7
ADDR_LINE_8,ADDR_LINE_8
ADDR_LINE_9,ADDR_LINE_9
ADDR_LINE_10,ADDR_LINE_10
TOWN,TOWN
CITY,CITY
MT_SUB_STATE_CD,SUB_STATE_DESC
MT_STATE_CD,CIF_STATE_CD_DESC
CIF_ID,CIF_ID
GCIF_NO,GCIF_NO
NM,CUST_NM
DT_REGISTERED,BIRTH_DT
